# MAP01.wad, map MAP01
# Created by Ultimate Doom Builder 3.0.0.4323

o MAP01
v -8.43199986219406 3.71999993920326 31.2479994893074
v -8.43199986219406 5.45599991083145 31.2479994893074
v -11.4079998135567 5.45599991083145 31.2479994893074
v -11.4079998135567 3.71999993920326 31.2479994893074
v -18.3519997000694 3.71999993920326 31.2479994893074
v -18.3519997000694 5.45599991083145 31.2479994893074
v -21.327999651432 5.45599991083145 31.2479994893074
v -21.327999651432 3.71999993920326 31.2479994893074
v 43.1519992947578 5.70399990677834 -26.2879995703697
v 43.1519992947578 11.6559998095036 -26.2879995703697
v 43.1519992947578 11.6559998095036 -51.0879991650581
v 43.1519992947578 5.70399990677834 -51.0879991650581
v -30.2559995055199 11.6559998095036 -51.0879991650581
v -30.2559995055199 5.70399990677834 -51.0879991650581
v -30.2559995055199 11.6559998095036 -26.2879995703697
v -30.2559995055199 5.70399990677834 -26.2879995703697
v -0.495999991893768 0 51.0879991650581
v -0.495999991893768 11.6559998095036 51.0879991650581
v 55.0559991002083 11.6559998095036 51.0879991650581
v 55.0559991002083 0 51.0879991650581
v 55.0559991002083 0 7.43999987840652
v 55.0559991002083 11.6559998095036 7.43999987840652
v 45.1359992623329 11.6559998095036 7.43999987840652
v 45.1359992623329 0 7.43999987840652
v 1.4879999756813 2.23199996352196 27.2799995541573
v 1.4879999756813 11.6559998095036 27.2799995541573
v 2.47999995946884 11.6559998095036 27.2799995541573
v 2.47999995946884 2.23199996352196 27.2799995541573
v 2.47999995946884 2.23199996352196 21.327999651432
v 2.47999995946884 3.71999993920326 21.327999651432
v 1.4879999756813 3.71999993920326 21.327999651432
v 1.4879999756813 2.23199996352196 21.327999651432
v 1.4879999756813 2.72799995541573 21.327999651432
v 1.4879999756813 2.72799995541573 27.2799995541573
v 11.4079998135567 5.70399990677834 -17.3599997162819
v 11.4079998135567 9.67199984192848 -17.3599997162819
v 8.43199986219406 9.67199984192848 -17.3599997162819
v 8.43199986219406 5.70399990677834 -17.3599997162819
v 8.43199986219406 5.70399990677834 -6.44799989461899
v 8.43199986219406 9.67199984192848 -6.44799989461899
v 11.4079998135567 9.67199984192848 -6.44799989461899
v 11.4079998135567 5.70399990677834 -6.44799989461899
v 9.4239998459816 5.70399990677834 -13.3919997811317
v 9.4239998459816 9.67199984192848 -13.3919997811317
v 9.4239998459816 9.67199984192848 -10.4159998297691
v 9.4239998459816 5.70399990677834 -10.4159998297691
v 8.43199986219406 9.67199984192848 -10.4159998297691
v 8.43199986219406 5.70399990677834 -10.4159998297691
v 8.43199986219406 5.70399990677834 -13.3919997811317
v 8.43199986219406 9.67199984192848 -13.3919997811317
v 44.1439992785454 5.70399990677834 7.43999987840652
v 44.1439992785454 9.67199984192848 7.43999987840652
v 44.1439992785454 9.67199984192848 1.4879999756813
v 44.1439992785454 5.70399990677834 1.4879999756813
v 36.2079994082451 5.70399990677834 7.43999987840652
v 36.2079994082451 9.67199984192848 7.43999987840652
v 36.2079994082451 9.67199984192848 1.4879999756813
v 36.2079994082451 5.70399990677834 1.4879999756813
v 21.327999651432 5.70399990677834 -0.495999991893768
v 21.327999651432 9.67199984192848 -0.495999991893768
v 21.327999651432 9.67199984192848 -2.47999995946884
v 21.327999651432 5.70399990677834 -2.47999995946884
v 13.3919997811317 5.70399990677834 -2.47999995946884
v 13.3919997811317 9.67199984192848 -2.47999995946884
v 13.3919997811317 9.67199984192848 -0.495999991893768
v 13.3919997811317 5.70399990677834 -0.495999991893768
v 28.2719995379448 5.70399990677834 -2.47999995946884
v 28.2719995379448 9.67199984192848 -2.47999995946884
v 28.2719995379448 9.67199984192848 -0.495999991893768
v 28.2719995379448 5.70399990677834 -0.495999991893768
v 36.2079994082451 5.70399990677834 -0.495999991893768
v 36.2079994082451 9.67199984192848 -0.495999991893768
v 36.2079994082451 9.67199984192848 -2.47999995946884
v 36.2079994082451 5.70399990677834 -2.47999995946884
v 34.22399944067 9.67199984192848 23.3119996190071
v 34.22399944067 11.6559998095036 23.3119996190071
v 35.2159994244576 11.6559998095036 20.3359996676445
v 35.2159994244576 9.67199984192848 20.3359996676445
v 34.22399944067 4.7119999229908 23.3119996190071
v 34.22399944067 5.20799991488457 23.3119996190071
v 35.2159994244576 5.20799991488457 20.3359996676445
v 35.2159994244576 4.7119999229908 20.3359996676445
v 36.2079994082451 11.6559998095036 17.3599997162819
v 36.2079994082451 9.67199984192848 17.3599997162819
v 36.2079994082451 5.20799991488457 17.3599997162819
v 36.2079994082451 4.7119999229908 17.3599997162819
v 27.2799995541573 5.20799991488457 15.3759997487068
v 27.2799995541573 4.7119999229908 15.3759997487068
v 20.3359996676445 9.67199984192848 28.2719995379448
v 20.3359996676445 11.6559998095036 28.2719995379448
v 25.2959995865822 11.6559998095036 28.2719995379448
v 25.2959995865822 9.67199984192848 28.2719995379448
v 20.3359996676445 3.22399994730949 28.2719995379448
v 20.3359996676445 5.20799991488457 28.2719995379448
v 25.2959995865822 5.20799991488457 28.2719995379448
v 25.2959995865822 3.22399994730949 28.2719995379448
v 25.2959995865822 3.71999993920326 28.2719995379448
v 22.3199996352196 3.71999993920326 21.327999651432
v 22.3199996352196 3.22399994730949 21.327999651432
v 30.2559995055199 9.67199984192848 26.2879995703697
v 30.2559995055199 11.6559998095036 26.2879995703697
v 30.2559995055199 4.21599993109703 26.2879995703697
v 30.2559995055199 5.20799991488457 26.2879995703697
v 34.22399944067 4.21599993109703 23.3119996190071
v 26.2879995703697 4.7119999229908 18.3519997000694
v 26.2879995703697 4.21599993109703 18.3519997000694
v 36.2079994082451 11.6559998095036 15.3759997487068
v 36.2079994082451 9.67199984192848 15.3759997487068
v 36.2079994082451 5.20799991488457 9.4239998459816
v 36.2079994082451 5.70399990677834 9.4239998459816
v 27.2799995541573 5.70399990677834 9.4239998459816
v 27.2799995541573 5.20799991488457 9.4239998459816
v 36.2079994082451 11.6559998095036 9.4239998459816
v 36.2079994082451 9.67199984192848 9.4239998459816
v 30.2559995055199 3.71999993920326 26.2879995703697
v 24.3039996027946 4.21599993109703 20.3359996676445
v 24.3039996027946 3.71999993920326 20.3359996676445
v 17.3599997162819 9.67199984192848 28.2719995379448
v 17.3599997162819 11.6559998095036 28.2719995379448
v 17.3599997162819 2.72799995541573 28.2719995379448
v 17.3599997162819 5.20799991488457 28.2719995379448
v 20.3359996676445 2.72799995541573 28.2719995379448
v 20.3359996676445 3.22399994730949 21.327999651432
v 20.3359996676445 2.72799995541573 21.327999651432
v 13.3919997811317 9.67199984192848 28.2719995379448
v 13.3919997811317 11.6559998095036 28.2719995379448
v 13.3919997811317 2.23199996352196 28.2719995379448
v 13.3919997811317 3.96799993515015 28.2719995379448
v 17.3599997162819 2.23199996352196 28.2719995379448
v 17.3599997162819 2.72799995541573 21.327999651432
v 17.3599997162819 2.23199996352196 21.327999651432
v -12.3999997973442 1.73599997162819 -2.47999995946884
v -12.3999997973442 7.68799987435341 -2.47999995946884
v -12.3999997973442 7.68799987435341 -4.46399992704391
v -12.3999997973442 1.73599997162819 -4.46399992704391
v -25.2959995865822 1.73599997162819 -4.46399992704391
v -25.2959995865822 7.68799987435341 -4.46399992704391
v -25.2959995865822 7.68799987435341 -2.47999995946884
v -25.2959995865822 1.73599997162819 -2.47999995946884
v 27.2799995541573 12.895999789238 -12.3999997973442
v 27.2799995541573 13.6399997770786 -12.3999997973442
v 25.2959995865822 13.6399997770786 -12.3999997973442
v 25.2959995865822 12.895999789238 -12.3999997973442
v 29.2639995217323 6.44799989461899 -26.2879995703697
v 29.2639995217323 9.67199984192848 -26.2879995703697
v 29.2639995217323 9.67199984192848 -24.3039996027946
v 29.2639995217323 6.44799989461899 -24.3039996027946
v 33.2319994568825 6.44799989461899 -25.2959995865822
v 33.2319994568825 9.67199984192848 -25.2959995865822
v 33.2319994568825 9.67199984192848 -26.2879995703697
v 33.2319994568825 6.44799989461899 -26.2879995703697
v 33.2319994568825 6.44799989461899 -24.3039996027946
v 33.2319994568825 9.67199984192848 -24.3039996027946
v 29.2639995217323 11.6559998095036 -26.2879995703697
v 33.2319994568825 11.6559998095036 -26.2879995703697
v 29.2639995217323 5.70399990677834 -26.2879995703697
v 33.2319994568825 5.70399990677834 -26.2879995703697
v 26.2879995703697 5.70399990677834 -26.2879995703697
v 26.2879995703697 11.6559998095036 -26.2879995703697
v 22.3199996352196 9.67199984192848 -26.2879995703697
v 22.3199996352196 11.6559998095036 -26.2879995703697
v 26.2879995703697 9.67199984192848 -26.2879995703697
v 22.3199996352196 5.70399990677834 -26.2879995703697
v 22.3199996352196 6.44799989461899 -26.2879995703697
v 26.2879995703697 6.44799989461899 -26.2879995703697
v 19.343999683857 5.70399990677834 -26.2879995703697
v 19.343999683857 11.6559998095036 -26.2879995703697
v 15.3759997487068 9.67199984192848 -26.2879995703697
v 15.3759997487068 11.6559998095036 -26.2879995703697
v 19.343999683857 9.67199984192848 -26.2879995703697
v 15.3759997487068 5.70399990677834 -26.2879995703697
v 15.3759997487068 6.44799989461899 -26.2879995703697
v 19.343999683857 6.44799989461899 -26.2879995703697
v -25.791999578476 5.70399990677834 -26.2879995703697
v -25.791999578476 11.6559998095036 -26.2879995703697
v 36.2079994082451 11.6559998095036 -26.2879995703697
v 36.2079994082451 5.70399990677834 -26.2879995703697
v 36.2079994082451 11.6559998095036 1.4879999756813
v 36.2079994082451 11.6559998095036 -0.495999991893768
v 23.3119996190071 5.70399990677834 -0.495999991893768
v 23.3119996190071 11.6559998095036 -0.495999991893768
v 21.327999651432 11.6559998095036 -0.495999991893768
v 28.2719995379448 11.6559998095036 -0.495999991893768
v 13.3919997811317 11.6559998095036 -0.495999991893768
v 5.45599991083145 5.70399990677834 -1.4879999756813
v 5.45599991083145 11.6559998095036 -1.4879999756813
v 5.45599991083145 11.6559998095036 -0.495999991893768
v 5.45599991083145 5.70399990677834 -0.495999991893768
v 36.2079994082451 11.6559998095036 7.43999987840652
v 10.4159998297691 11.6559998095036 -0.495999991893768
v 10.4159998297691 5.70399990677834 -0.495999991893768
v 10.4159998297691 11.6559998095036 -1.4879999756813
v 10.4159998297691 5.70399990677834 -1.4879999756813
v 3.47199994325638 11.6559998095036 -0.495999991893768
v 3.47199994325638 5.70399990677834 -0.495999991893768
v 26.2879995703697 9.67199984192848 -0.495999991893768
v 26.2879995703697 11.6559998095036 -0.495999991893768
v 23.3119996190071 9.67199984192848 -0.495999991893768
v 26.2879995703697 5.70399990677834 -0.495999991893768
v -20.3359996676445 3.22399994730949 13.3919997811317
v -20.3359996676445 3.71999993920326 13.3919997811317
v -20.3359996676445 3.22399994730949 12.3999997973442
v -26.2879995703697 3.22399994730949 12.3999997973442
v -26.2879995703697 11.6559998095036 12.3999997973442
v -26.2879995703697 11.6559998095036 13.3919997811317
v -26.2879995703697 3.22399994730949 13.3919997811317
v -26.2879995703697 3.71999993920326 13.3919997811317
v 0.495999991893768 6.69599989056587 -0.495999991893768
v 0.495999991893768 9.67199984192848 -0.495999991893768
v 0.495999991893768 9.67199984192848 -3.47199994325638
v 0.495999991893768 6.69599989056587 -3.47199994325638
v -7.43999987840652 6.69599989056587 -3.47199994325638
v -7.43999987840652 9.67199984192848 -3.47199994325638
v -7.43999987840652 9.67199984192848 -0.495999991893768
v -7.43999987840652 6.69599989056587 -0.495999991893768
v 27.2799995541573 3.71999993920326 13.3919997811317
v 27.2799995541573 5.20799991488457 13.3919997811317
v 27.2799995541573 5.20799991488457 11.4079998135567
v 27.2799995541573 3.71999993920326 11.4079998135567
v 27.2799995541573 1.73599997162819 15.3759997487068
v 27.2799995541573 1.73599997162819 13.3919997811317
v -26.2879995703697 2.72799995541573 11.4079998135567
v -26.2879995703697 11.6559998095036 11.4079998135567
v -26.2879995703697 2.72799995541573 12.3999997973442
v -20.3359996676445 2.72799995541573 12.3999997973442
v -20.3359996676445 2.72799995541573 11.4079998135567
v -26.2879995703697 2.23199996352196 11.4079998135567
v -20.3359996676445 2.23199996352196 11.4079998135567
v -26.2879995703697 2.23199996352196 10.4159998297691
v -26.2879995703697 11.6559998095036 10.4159998297691
v -20.3359996676445 2.72799995541573 10.4159998297691
v -20.3359996676445 2.23199996352196 10.4159998297691
v -26.0399995744228 1.73599997162819 -0.495999991893768
v -26.0399995744228 11.6559998095036 -0.495999991893768
v -26.2879995703697 11.6559998095036 -0.495999991893768
v -26.2879995703697 1.73599997162819 -0.495999991893768
v -12.3999997973442 1.73599997162819 -1.98399996757507
v -12.3999997973442 11.6559998095036 -1.98399996757507
v -12.3999997973442 11.6559998095036 -2.47999995946884
v -33.2319994568825 1.73599997162819 9.4239998459816
v -33.2319994568825 11.6559998095036 9.4239998459816
v -26.2879995703697 11.6559998095036 9.4239998459816
v -26.2879995703697 1.73599997162819 9.4239998459816
v 22.3199996352196 1.73599997162819 21.327999651432
v 24.3039996027946 1.73599997162819 20.3359996676445
v 2.47999995946884 9.67199984192848 28.2719995379448
v 2.47999995946884 11.6559998095036 28.2719995379448
v 2.47999995946884 1.73599997162819 28.2719995379448
v 2.47999995946884 3.96799993515015 28.2719995379448
v 13.3919997811317 1.73599997162819 28.2719995379448
v 26.2879995703697 1.73599997162819 18.3519997000694
v 20.3359996676445 1.73599997162819 21.327999651432
v 13.3919997811317 1.73599997162819 21.327999651432
v 13.3919997811317 2.23199996352196 21.327999651432
v 17.3599997162819 1.73599997162819 21.327999651432
v 18.3519997000694 1.73599997162819 14.3839997649193
v 18.3519997000694 2.23199996352196 14.3839997649193
v 18.3519997000694 2.23199996352196 16.3679997324944
v 18.3519997000694 1.73599997162819 16.3679997324944
v 16.3679997324944 2.23199996352196 16.3679997324944
v 16.3679997324944 1.73599997162819 16.3679997324944
v 16.3679997324944 2.23199996352196 14.3839997649193
v 16.3679997324944 1.73599997162819 14.3839997649193
v 2.47999995946884 1.73599997162819 27.2799995541573
v 2.47999995946884 1.73599997162819 21.327999651432
v -1.4879999756813 1.73599997162819 13.3919997811317
v -1.4879999756813 3.71999993920326 13.3919997811317
v 2.47999995946884 3.71999993920326 17.3599997162819
v 2.47999995946884 1.73599997162819 17.3599997162819
v -19.343999683857 1.73599997162819 13.3919997811317
v -19.343999683857 3.71999993920326 13.3919997811317
v 11.4079998135567 1.73599997162819 17.3599997162819
v 11.4079998135567 3.71999993920326 17.3599997162819
v 13.3919997811317 3.71999993920326 17.3599997162819
v 13.3919997811317 1.73599997162819 17.3599997162819
v 13.3919997811317 3.71999993920326 19.343999683857
v 13.3919997811317 1.73599997162819 19.343999683857
v 11.4079998135567 3.71999993920326 19.343999683857
v 11.4079998135567 1.73599997162819 19.343999683857
v -20.3359996676445 1.73599997162819 10.4159998297691
v -19.343999683857 2.72799995541573 10.4159998297691
v -19.343999683857 1.73599997162819 10.4159998297691
v -19.343999683857 2.72799995541573 11.4079998135567
v -19.343999683857 1.73599997162819 11.4079998135567
v -26.2879995703697 1.73599997162819 10.4159998297691
v -11.4079998135567 1.73599997162819 -0.61999998986721
v -11.4079998135567 11.6559998095036 -0.61999998986721
v -11.9039998054504 11.6559998095036 -0.991999983787537
v -11.9039998054504 1.73599997162819 -0.991999983787537
v -25.2959995865822 11.6559998095036 -2.47999995946884
v -25.2959995865822 1.73599997162819 -1.23999997973442
v -25.2959995865822 11.6559998095036 -1.23999997973442
v -25.5439995825291 11.6559998095036 -0.743999987840652
v -25.5439995825291 1.73599997162819 -0.743999987840652
v -12.2759997993708 1.73599997162819 -1.4879999756813
v -12.2759997993708 11.6559998095036 -1.4879999756813
v -10.4159998297691 1.73599997162819 -0.495999991893768
v -10.4159998297691 11.6559998095036 -0.495999991893768
v -10.9119998216629 11.6559998095036 -0.495999991893768
v -10.9119998216629 1.73599997162819 -0.495999991893768
v -33.2319994568825 1.73599997162819 -0.495999991893768
v -33.2319994568825 11.6559998095036 -0.495999991893768
v 0.495999991893768 2.72799995541573 27.2799995541573
v 0.495999991893768 11.6559998095036 27.2799995541573
v 0.495999991893768 3.71999993920326 21.327999651432
v 0.495999991893768 2.72799995541573 21.327999651432
v 0.495999991893768 3.22399994730949 21.327999651432
v 0.495999991893768 3.22399994730949 27.2799995541573
v -0.495999991893768 3.22399994730949 27.2799995541573
v -0.495999991893768 11.6559998095036 27.2799995541573
v -0.495999991893768 3.71999993920326 21.327999651432
v -0.495999991893768 3.22399994730949 21.327999651432
v -0.495999991893768 3.71999993920326 27.2799995541573
v -27.2799995541573 11.6559998095036 15.3759997487068
v -27.2799995541573 3.71999993920326 15.3759997487068
v -2.47999995946884 3.71999993920326 31.2479994893074
v -2.47999995946884 11.6559998095036 31.2479994893074
v -2.47999995946884 11.6559998095036 27.2799995541573
v -2.47999995946884 3.71999993920326 27.2799995541573
v -2.47999995946884 3.71999993920326 35.2159994244576
v -2.47999995946884 11.6559998095036 35.2159994244576
v -36.2079994082451 3.71999993920326 18.3519997000694
v -36.2079994082451 11.6559998095036 18.3519997000694
v -36.2079994082451 11.6559998095036 31.2479994893074
v -36.2079994082451 3.71999993920326 31.2479994893074
v -32.2399994730949 3.71999993920326 18.3519997000694
v -32.2399994730949 11.6559998095036 18.3519997000694
v -29.2639995217323 3.71999993920326 17.3599997162819
v -29.2639995217323 11.6559998095036 17.3599997162819
v -36.2079994082451 3.71999993920326 35.2159994244576
v -36.2079994082451 11.6559998095036 35.2159994244576
v -7.43999987840652 2.58628573959214 -0.495999991893768
v -7.43999987840652 11.6559998095036 -0.495999991893768
v 0.495999991893768 11.6559998095036 -0.495999991893768
v 0.495999991893768 4.85371413881438 -0.495999991893768
v 29.2639995217323 12.895999789238 -12.3999997973442
v 29.2639995217323 13.6399997770786 -12.3999997973442
v 17.3599997162819 11.6559998095036 -20.3359996676445
v 17.3599997162819 13.6399997770786 -20.3359996676445
v 14.3839997649193 13.6399997770786 -20.3359996676445
v 14.3839997649193 11.6559998095036 -20.3359996676445
v 17.3599997162819 11.6559998095036 -23.3119996190071
v 17.3599997162819 13.6399997770786 -23.3119996190071
v 22.8159996271133 11.6559998095036 -23.3119996190071
v 22.8159996271133 13.6399997770786 -23.3119996190071
v 14.3839997649193 12.895999789238 -14.3839997649193
v 14.3839997649193 13.6399997770786 -14.3839997649193
v 22.8159996271133 13.6399997770786 -14.3839997649193
v 22.8159996271133 12.895999789238 -14.3839997649193
v 22.8159996271133 12.895999789238 -23.3119996190071
v 14.3839997649193 11.6559998095036 -14.3839997649193
v 29.2639995217323 13.3919997811317 -15.3759997487068
v 29.2639995217323 13.6399997770786 -15.3759997487068
v 27.2799995541573 13.6399997770786 -15.3759997487068
v 27.2799995541573 13.3919997811317 -15.3759997487068
v 29.2639995217323 13.3919997811317 -14.3839997649193
v 29.2639995217323 13.6399997770786 -14.3839997649193
v 27.2799995541573 12.895999789238 -14.3839997649193
v 27.2799995541573 13.6399997770786 -14.3839997649193
v 29.2639995217323 12.895999789238 -14.3839997649193
v 27.2799995541573 13.3919997811317 -14.3839997649193
v 22.8159996271133 11.6559998095036 -4.46399992704391
v 22.8159996271133 12.895999789238 -4.46399992704391
v 24.7999995946884 12.895999789238 -4.46399992704391
v 24.7999995946884 11.6559998095036 -4.46399992704391
v 14.3839997649193 12.895999789238 -12.3999997973442
v 14.3839997649193 11.6559998095036 -12.3999997973442
v 24.7999995946884 11.6559998095036 -23.3119996190071
v 24.7999995946884 12.895999789238 -23.3119996190071
v 31.2479994893074 11.6559998095036 -12.3999997973442
v 31.2479994893074 12.895999789238 -12.3999997973442
v 31.2479994893074 12.895999789238 -14.3839997649193
v 31.2479994893074 11.6559998095036 -14.3839997649193
v 34.22399944067 11.6559998095036 -16.3679997324944
v 34.22399944067 13.3919997811317 -16.3679997324944
v 34.22399944067 13.3919997811317 -20.3359996676445
v 34.22399944067 11.6559998095036 -20.3359996676445
v 31.2479994893074 13.3919997811317 -20.3359996676445
v 31.2479994893074 11.6559998095036 -20.3359996676445
v 31.2479994893074 13.3919997811317 -23.3119996190071
v 31.2479994893074 11.6559998095036 -23.3119996190071
v 31.2479994893074 13.3919997811317 -14.3839997649193
v 31.2479994893074 13.3919997811317 -16.3679997324944
v 31.2479994893074 11.6559998095036 -16.3679997324944
v 24.7999995946884 13.3919997811317 -23.3119996190071
v 24.7999995946884 13.3919997811317 -14.3839997649193
v 24.7999995946884 12.895999789238 -14.3839997649193
v 24.7999995946884 13.6399997770786 -4.46399992704391
v 34.22399944067 13.6399997770786 -4.46399992704391
v 34.22399944067 11.6559998095036 -4.46399992704391
v 34.22399944067 11.6559998095036 -8.43199986219406
v 34.22399944067 13.6399997770786 -8.43199986219406
v 31.2479994893074 13.6399997770786 -8.43199986219406
v 31.2479994893074 11.6559998095036 -8.43199986219406
v 31.2479994893074 13.6399997770786 -12.3999997973442
v 24.7999995946884 13.6399997770786 -12.3999997973442
v 24.7999995946884 12.895999789238 -12.3999997973442
v 14.3839997649193 13.6399997770786 -12.3999997973442
v 14.3839997649193 13.6399997770786 -4.46399992704391
v 14.3839997649193 11.6559998095036 -4.46399992704391
v 22.8159996271133 13.6399997770786 -4.46399992704391
v 22.8159996271133 13.6399997770786 -12.3999997973442
v 22.8159996271133 12.895999789238 -12.3999997973442
v 19.343999683857 6.44799989461899 -24.3039996027946
v 19.343999683857 9.67199984192848 -24.3039996027946
v 15.3759997487068 9.67199984192848 -25.2959995865822
v 15.3759997487068 6.44799989461899 -25.2959995865822
v 15.3759997487068 9.67199984192848 -24.3039996027946
v 15.3759997487068 6.44799989461899 -24.3039996027946
v 26.2879995703697 6.44799989461899 -24.3039996027946
v 26.2879995703697 9.67199984192848 -24.3039996027946
v 22.3199996352196 9.67199984192848 -24.3039996027946
v 22.3199996352196 6.44799989461899 -24.3039996027946
v 26.2879995703697 7.68799987435341 -0.495999991893768
v 26.2879995703697 9.67199984192848 -2.47999995946884
v 26.2879995703697 7.68799987435341 -2.47999995946884
v 23.3119996190071 7.68799987435341 -2.47999995946884
v 23.3119996190071 9.67199984192848 -2.47999995946884
v 23.3119996190071 7.68799987435341 -0.495999991893768
v 5.45599991083145 5.20799991488457 -6.44799989461899
v 5.45599991083145 9.67199984192848 -6.44799989461899
v 8.43199986219406 5.20799991488457 -6.44799989461899
v 8.43199986219406 5.20799991488457 -17.3599997162819
v 5.45599991083145 9.67199984192848 -17.3599997162819
v 5.45599991083145 5.20799991488457 -17.3599997162819
v 8.43199986219406 5.20799991488457 -10.4159998297691
v 7.43999987840652 5.20799991488457 -13.3919997811317
v 7.43999987840652 9.67199984192848 -13.3919997811317
v 8.43199986219406 5.20799991488457 -13.3919997811317
v 7.43999987840652 5.20799991488457 -10.4159998297691
v 7.43999987840652 9.67199984192848 -10.4159998297691
v 36.2079994082451 5.70399990677834 -14.3839997649193
v 36.2079994082451 11.6559998095036 -14.3839997649193
v 36.2079994082451 11.6559998095036 -22.3199996352196
v 36.2079994082451 5.70399990677834 -22.3199996352196
v 12.3999997973442 5.70399990677834 -6.44799989461899
v 12.3999997973442 11.6559998095036 -6.44799989461899
v 12.3999997973442 11.6559998095036 -2.47999995946884
v 12.3999997973442 5.70399990677834 -2.47999995946884
v 15.3759997487068 5.70399990677834 -22.3199996352196
v 15.3759997487068 11.6559998095036 -22.3199996352196
v 12.3999997973442 11.6559998095036 -22.3199996352196
v 12.3999997973442 5.70399990677834 -22.3199996352196
v 33.2319994568825 5.70399990677834 -22.3199996352196
v 33.2319994568825 11.6559998095036 -22.3199996352196
v 33.2319994568825 11.6559998095036 -24.3039996027946
v 33.2319994568825 5.70399990677834 -24.3039996027946
v 15.3759997487068 5.70399990677834 -24.3039996027946
v 15.3759997487068 11.6559998095036 -24.3039996027946
v 26.2879995703697 5.70399990677834 -2.47999995946884
v 26.2879995703697 11.6559998095036 -2.47999995946884
v 28.2719995379448 11.6559998095036 -2.47999995946884
v 13.3919997811317 11.6559998095036 -2.47999995946884
v 21.327999651432 11.6559998095036 -2.47999995946884
v 36.2079994082451 11.6559998095036 -2.47999995946884
v 29.2639995217323 5.70399990677834 -24.3039996027946
v 29.2639995217323 11.6559998095036 -24.3039996027946
v 26.2879995703697 11.6559998095036 -24.3039996027946
v 26.2879995703697 5.70399990677834 -24.3039996027946
v 22.3199996352196 5.70399990677834 -24.3039996027946
v 22.3199996352196 11.6559998095036 -24.3039996027946
v 19.343999683857 11.6559998095036 -24.3039996027946
v 19.343999683857 5.70399990677834 -24.3039996027946
v 33.2319994568825 5.70399990677834 -10.4159998297691
v 33.2319994568825 11.6559998095036 -10.4159998297691
v 33.2319994568825 11.6559998095036 -14.3839997649193
v 33.2319994568825 5.70399990677834 -14.3839997649193
v 36.2079994082451 11.6559998095036 -10.4159998297691
v 36.2079994082451 5.70399990677834 -10.4159998297691
v 12.3999997973442 11.6559998095036 -17.3599997162819
v 12.3999997973442 5.70399990677834 -17.3599997162819
v 23.3119996190071 11.6559998095036 -2.47999995946884
v 23.3119996190071 5.70399990677834 -2.47999995946884
v 11.4079998135567 11.6559998095036 -6.44799989461899
v 11.4079998135567 11.6559998095036 -17.3599997162819
v 0.495999991893768 5.20799991488457 -5.45599991083145
v 0.495999991893768 11.6559998095036 -5.45599991083145
v 0.495999991893768 11.6559998095036 -6.44799989461899
v 0.495999991893768 5.20799991488457 -6.44799989461899
v -7.43999987840652 5.20799991488457 -5.45599991083145
v -7.43999987840652 5.70399990677834 -5.45599991083145
v 0.495999991893768 5.70399990677834 -5.45599991083145
v -7.43999987840652 5.20799991488457 -6.44799989461899
v -7.43999987840652 11.6559998095036 -6.44799989461899
v -7.43999987840652 11.6559998095036 -5.45599991083145
v 2.47999995946884 4.7119999229908 -19.343999683857
v 2.47999995946884 11.6559998095036 -19.343999683857
v 0.495999991893768 11.6559998095036 -21.327999651432
v 0.495999991893768 4.7119999229908 -21.327999651432
v -1.4879999756813 4.7119999229908 -15.3759997487068
v -1.4879999756813 5.20799991488457 -15.3759997487068
v 2.47999995946884 5.20799991488457 -19.343999683857
v 0.495999991893768 4.21599993109703 -21.327999651432
v -2.47999995946884 11.6559998095036 -24.3039996027946
v -2.47999995946884 4.21599993109703 -24.3039996027946
v -7.43999987840652 11.6559998095036 -24.3039996027946
v -7.43999987840652 4.21599993109703 -24.3039996027946
v 4.46399992704391 5.20799991488457 -17.3599997162819
v 4.46399992704391 11.6559998095036 -17.3599997162819
v 1.4879999756813 5.20799991488457 -6.44799989461899
v 1.4879999756813 11.6559998095036 -6.44799989461899
v 5.45599991083145 11.6559998095036 -6.44799989461899
v 5.45599991083145 11.6559998095036 -17.3599997162819
v -8.43199986219406 5.20799991488457 -6.44799989461899
v -8.43199986219406 11.6559998095036 -6.44799989461899
v -11.4079998135567 8.67999985814095 -6.44799989461899
v -11.4079998135567 11.6559998095036 -6.44799989461899
v -8.43199986219406 8.67999985814095 -6.44799989461899
v -11.4079998135567 5.20799991488457 -6.44799989461899
v -11.4079998135567 5.70399990677834 -6.44799989461899
v -8.43199986219406 5.70399990677834 -6.44799989461899
v -12.3999997973442 5.20799991488457 -6.44799989461899
v -12.3999997973442 11.6559998095036 -6.44799989461899
v -28.2719995379448 1.73599997162819 -8.43199986219406
v -28.2719995379448 11.6559998095036 -8.43199986219406
v -28.2719995379448 11.6559998095036 -6.44799989461899
v -28.2719995379448 1.73599997162819 -6.44799989461899
v -25.2959995865822 11.6559998095036 -6.44799989461899
v -25.2959995865822 1.73599997162819 -6.44799989461899
v -25.2959995865822 11.6559998095036 -4.46399992704391
v -27.2799995541573 1.73599997162819 -17.3599997162819
v -27.2799995541573 11.6559998095036 -17.3599997162819
v -28.2719995379448 11.6559998095036 -14.3839997649193
v -28.2719995379448 1.73599997162819 -14.3839997649193
v 0 1.73599997162819 -13.8879997730255
v 0 5.20799991488457 -13.8879997730255
v -1.4879999756813 1.73599997162819 -15.3759997487068
v -3.47199994325638 1.73599997162819 -17.3599997162819
v -3.47199994325638 4.21599993109703 -17.3599997162819
v -5.45599991083145 4.21599993109703 -19.343999683857
v -5.45599991083145 1.73599997162819 -19.343999683857
v -7.43999987840652 4.21599993109703 -19.343999683857
v -7.43999987840652 1.73599997162819 -19.343999683857
v -3.47199994325638 1.73599997162819 -10.4159998297691
v -3.47199994325638 5.20799991488457 -10.4159998297691
v -11.0359998196363 1.73599997162819 -10.4159998297691
v -11.0359998196363 5.20799991488457 -10.4159998297691
v -11.4079998135567 1.73599997162819 -10.2919998317957
v -11.4079998135567 5.20799991488457 -10.2919998317957
v -12.3999997973442 1.73599997162819 -6.44799989461899
v -12.3999997973442 5.20799991488457 -9.05199985206127
v -12.3999997973442 1.73599997162819 -9.05199985206127
v -12.1519998013973 1.73599997162819 -9.67199984192848
v -12.1519998013973 5.20799991488457 -9.67199984192848
v -11.6559998095036 5.20799991488457 -10.1679998338223
v -11.6559998095036 1.73599997162819 -10.1679998338223
v -12.2759997993708 1.73599997162819 -9.4239998459816
v -12.2759997993708 5.20799991488457 -9.4239998459816
v -7.43999987840652 3.71999993920326 -19.343999683857
v -10.4159998297691 3.71999993920326 -19.343999683857
v -10.4159998297691 1.73599997162819 -19.343999683857
v -10.4159998297691 3.22399994730949 -19.343999683857
v -13.3919997811317 3.22399994730949 -19.343999683857
v -13.3919997811317 1.73599997162819 -19.343999683857
v -13.3919997811317 2.72799995541573 -19.343999683857
v -16.3679997324944 2.72799995541573 -19.343999683857
v -16.3679997324944 1.73599997162819 -19.343999683857
v -23.3119996190071 1.73599997162819 -22.3199996352196
v -23.3119996190071 11.6559998095036 -22.3199996352196
v -24.5519995987415 11.6559998095036 -21.0799996554852
v -24.5519995987415 1.73599997162819 -21.0799996554852
v -26.2879995703697 11.6559998095036 -19.343999683857
v -26.2879995703697 1.73599997162819 -19.343999683857
v -21.327999651432 1.73599997162819 -23.3119996190071
v -21.327999651432 11.6559998095036 -23.3119996190071
v -12.3999997973442 11.6559998095036 -4.46399992704391
v -16.3679997324944 2.23199996352196 -19.343999683857
v -18.1039997041225 2.23199996352196 -19.343999683857
v -18.1039997041225 1.73599997162819 -19.343999683857
v -19.343999683857 1.73599997162819 -20.5839996635914
v -19.343999683857 2.23199996352196 -20.5839996635914
v -19.343999683857 2.23199996352196 -23.9733228503865
v -19.343999683857 1.73599997162819 -23.9733228503865
v -19.343999683857 11.6559998095036 -23.9733228503865
v -18.5999996960163 2.23199996352196 -19.5919996798038
v -18.5999996960163 1.73599997162819 -19.5919996798038
v -18.8479996919632 1.73599997162819 -19.8399996757507
v -18.8479996919632 2.23199996352196 -19.8399996757507
v -19.0959996879101 2.23199996352196 -20.0879996716976
v -19.0959996879101 1.73599997162819 -20.0879996716976
v -30.2559995055199 1.73599997162819 -8.43199986219406
v -30.2559995055199 11.6559998095036 -8.43199986219406
v -28.2719995379448 11.6559998095036 -12.3999997973442
v -28.2719995379448 1.73599997162819 -12.3999997973442
v -30.2559995055199 1.73599997162819 -12.3999997973442
v -30.2559995055199 11.6559998095036 -12.3999997973442
v -7.43999987840652 5.70399990677834 -4.46399992704391
v -7.43999987840652 6.1999998986721 -4.46399992704391
v 0.495999991893768 6.1999998986721 -4.46399992704391
v 0.495999991893768 5.70399990677834 -4.46399992704391
v -7.43999987840652 11.6559998095036 -4.46399992704391
v 0.495999991893768 11.6559998095036 -4.46399992704391
v -7.43999987840652 11.6559998095036 -3.47199994325638
v 0.495999991893768 11.6559998095036 -3.47199994325638
v -7.43999987840652 6.1999998986721 -3.47199994325638
v 0.495999991893768 6.1999998986721 -3.47199994325638
v -7.43999987840652 3.71999993920326 -24.3039996027946
v -10.4159998297691 11.6559998095036 -24.3039996027946
v -10.4159998297691 3.71999993920326 -24.3039996027946
v -10.4159998297691 3.22399994730949 -24.3039996027946
v -13.3919997811317 11.6559998095036 -24.3039996027946
v -13.3919997811317 3.22399994730949 -24.3039996027946
v -13.3919997811317 2.72799995541573 -24.3039996027946
v -16.3679997324944 11.6559998095036 -24.3039996027946
v -16.3679997324944 2.72799995541573 -24.3039996027946
v -16.3679997324944 2.23199996352196 -24.3039996027946
v -18.3519997000694 11.6559998095036 -24.3039996027946
v -18.3519997000694 2.23199996352196 -24.3039996027946
v -37.1999993920326 10.1679998338223 14.3839997649193
v -37.1999993920326 11.1599998176098 14.3839997649193
v -37.1999993920326 11.1599998176098 11.4079998135567
v -37.1999993920326 10.1679998338223 11.4079998135567
v -40.1759993433952 10.1679998338223 14.3839997649193
v -40.1759993433952 11.1599998176098 14.3839997649193
v 2.47999995946884 9.67199984192848 32.2399994730949
v 2.47999995946884 3.96799993515015 32.2399994730949
v 40.1759993433952 5.20799991488457 9.4239998459816
v 40.1759993433952 9.67199984192848 9.4239998459816
v -53.0719991326332 10.1679998338223 14.3839997649193
v -53.0719991326332 11.1599998176098 14.3839997649193
v -53.0719991326332 11.1599998176098 11.4079998135567
v -53.0719991326332 10.1679998338223 11.4079998135567
v -56.0479990839958 10.1679998338223 14.3839997649193
v -56.0479990839958 11.1599998176098 14.3839997649193
v -56.0479990839958 10.1679998338223 11.4079998135567
v -56.0479990839958 11.1599998176098 11.4079998135567
v -11.4079998135567 8.67999985814095 -5.45599991083145
v -11.4079998135567 5.70399990677834 -5.45599991083145
v -8.43199986219406 8.67999985814095 -5.45599991083145
v -8.43199986219406 5.70399990677834 -5.45599991083145
v 40.1759993433952 9.67199984192848 18.3519997000694
v 40.1759993433952 11.6559998095036 18.3519997000694
v 37.1999993920326 11.6559998095036 25.2959995865822
v 37.1999993920326 9.67199984192848 25.2959995865822
v 40.1759993433952 0 18.3519997000694
v 40.1759993433952 5.20799991488457 18.3519997000694
v 37.1999993920326 5.20799991488457 25.2959995865822
v 37.1999993920326 0 25.2959995865822
v 40.1759993433952 11.6559998095036 9.4239998459816
v 40.1759993433952 0 9.4239998459816
v 45.1359992623329 0 9.4239998459816
v 45.1359992623329 11.6559998095036 9.4239998459816
v 2.47999995946884 0 32.2399994730949
v 2.47999995946884 11.6559998095036 32.2399994730949
v -0.495999991893768 11.6559998095036 32.2399994730949
v -0.495999991893768 0 32.2399994730949
v 13.3919997811317 9.67199984192848 32.2399994730949
v 13.3919997811317 11.6559998095036 32.2399994730949
v 13.3919997811317 0 32.2399994730949
v 13.3919997811317 3.96799993515015 32.2399994730949
v 17.3599997162819 9.67199984192848 32.2399994730949
v 17.3599997162819 11.6559998095036 32.2399994730949
v 17.3599997162819 0 32.2399994730949
v 17.3599997162819 5.20799991488457 32.2399994730949
v 26.2879995703697 9.67199984192848 32.2399994730949
v 26.2879995703697 11.6559998095036 32.2399994730949
v 26.2879995703697 0 32.2399994730949
v 26.2879995703697 5.20799991488457 32.2399994730949
v 32.2399994730949 9.67199984192848 30.2559995055199
v 32.2399994730949 11.6559998095036 30.2559995055199
v 32.2399994730949 0 30.2559995055199
v 32.2399994730949 5.20799991488457 30.2559995055199
v -41.1679993271828 10.1679998338223 14.3839997649193
v -41.1679993271828 11.1599998176098 14.3839997649193
v -41.1679993271828 10.1679998338223 11.4079998135567
v -41.1679993271828 11.1599998176098 11.4079998135567
v -40.1759993433952 10.1679998338223 11.4079998135567
v -40.1759993433952 11.1599998176098 11.4079998135567
v -37.1999993920326 10.1679998338223 9.4239998459816
v -37.1999993920326 11.1599998176098 9.4239998459816
v -37.1999993920326 11.1599998176098 6.44799989461899
v -37.1999993920326 10.1679998338223 6.44799989461899
v -40.1759993433952 10.1679998338223 9.4239998459816
v -40.1759993433952 11.1599998176098 9.4239998459816
v -40.1759993433952 10.1679998338223 6.44799989461899
v -40.1759993433952 11.1599998176098 6.44799989461899
v -41.1679993271828 11.1599998176098 6.44799989461899
v -41.1679993271828 10.1679998338223 6.44799989461899
v -41.1679993271828 11.1599998176098 9.4239998459816
v -41.1679993271828 10.1679998338223 9.4239998459816
v -37.1999993920326 10.1679998338223 4.46399992704391
v -37.1999993920326 11.1599998176098 4.46399992704391
v -37.1999993920326 11.1599998176098 1.4879999756813
v -37.1999993920326 10.1679998338223 1.4879999756813
v -40.1759993433952 10.1679998338223 4.46399992704391
v -40.1759993433952 11.1599998176098 4.46399992704391
v -40.1759993433952 10.1679998338223 1.4879999756813
v -40.1759993433952 11.1599998176098 1.4879999756813
v -41.1679993271828 11.1599998176098 1.4879999756813
v -41.1679993271828 10.1679998338223 1.4879999756813
v -41.1679993271828 11.1599998176098 4.46399992704391
v -41.1679993271828 10.1679998338223 4.46399992704391
v -37.1999993920326 10.1679998338223 -0.495999991893768
v -37.1999993920326 11.1599998176098 -0.495999991893768
v -37.1999993920326 11.1599998176098 -3.47199994325638
v -37.1999993920326 10.1679998338223 -3.47199994325638
v -40.1759993433952 10.1679998338223 -0.495999991893768
v -40.1759993433952 11.1599998176098 -0.495999991893768
v -40.1759993433952 10.1679998338223 -3.47199994325638
v -40.1759993433952 11.1599998176098 -3.47199994325638
v -41.1679993271828 11.1599998176098 -3.47199994325638
v -41.1679993271828 10.1679998338223 -3.47199994325638
v -41.1679993271828 11.1599998176098 -0.495999991893768
v -41.1679993271828 10.1679998338223 -0.495999991893768
v 27.2799995541573 5.70399990677834 11.4079998135567
v 25.2959995865822 5.70399990677834 11.4079998135567
v 25.2959995865822 3.71999993920326 11.4079998135567
v 25.2959995865822 5.70399990677834 9.4239998459816
v 25.2959995865822 3.71999993920326 9.4239998459816
v 25.2959995865822 3.71999993920326 13.3919997811317
v 25.2959995865822 1.73599997162819 13.3919997811317
v 23.3119996190071 3.71999993920326 13.3919997811317
v 23.3119996190071 1.73599997162819 13.3919997811317
v 23.3119996190071 3.71999993920326 11.4079998135567
v 23.3119996190071 1.73599997162819 11.4079998135567
v 21.327999651432 3.71999993920326 11.4079998135567
v 21.327999651432 1.73599997162819 11.4079998135567
v 21.327999651432 3.71999993920326 9.4239998459816
v 21.327999651432 1.73599997162819 9.4239998459816
v 27.2799995541573 7.68799987435341 -11.4079998135567
v 27.2799995541573 9.67199984192848 -11.4079998135567
v 27.2799995541573 9.67199984192848 -12.3999997973442
v 27.2799995541573 7.68799987435341 -12.3999997973442
v 20.3359996676445 5.70399990677834 -19.343999683857
v 20.3359996676445 7.68799987435341 -19.343999683857
v 20.3359996676445 7.68799987435341 -17.3599997162819
v 20.3359996676445 5.70399990677834 -17.3599997162819
v 18.3519997000694 7.68799987435341 -17.3599997162819
v 18.3519997000694 5.70399990677834 -17.3599997162819
v 18.3519997000694 7.68799987435341 -19.343999683857
v 18.3519997000694 5.70399990677834 -19.343999683857
v 25.2959995865822 5.70399990677834 -13.3919997811317
v 25.2959995865822 7.68799987435341 -13.3919997811317
v 27.2799995541573 7.68799987435341 -13.3919997811317
v 27.2799995541573 5.70399990677834 -13.3919997811317
v 25.2959995865822 5.70399990677834 -12.3999997973442
v 25.2959995865822 7.68799987435341 -12.3999997973442
v 27.2799995541573 7.68799987435341 -14.3839997649193
v 27.2799995541573 5.70399990677834 -14.3839997649193
v 27.2799995541573 9.67199984192848 -13.3919997811317
v 29.2639995217323 9.67199984192848 -13.3919997811317
v 29.2639995217323 7.68799987435341 -13.3919997811317
v 29.2639995217323 5.70399990677834 -14.3839997649193
v 29.2639995217323 7.68799987435341 -14.3839997649193
v 29.2639995217323 5.70399990677834 -13.3919997811317
v 29.2639995217323 9.67199984192848 -12.3999997973442
v 29.2639995217323 5.70399990677834 -12.3999997973442
v 27.2799995541573 5.70399990677834 -15.3759997487068
v 27.2799995541573 7.68799987435341 -15.3759997487068
v 29.2639995217323 7.68799987435341 -15.3759997487068
v 29.2639995217323 5.70399990677834 -15.3759997487068
v 29.2639995217323 9.67199984192848 -11.4079998135567
v 29.2639995217323 5.70399990677834 -11.4079998135567
v 27.2799995541573 5.70399990677834 -11.4079998135567
v 25.2959995865822 7.68799987435341 -11.4079998135567
v 25.2959995865822 5.70399990677834 -11.4079998135567
v 23.3119996190071 5.70399990677834 9.4239998459816
v 23.3119996190071 3.71999993920326 9.4239998459816
v 21.327999651432 5.70399990677834 9.4239998459816
v 8.43199986219406 1.73599997162819 9.4239998459816
v 8.43199986219406 5.70399990677834 9.4239998459816
v 7.68799987435341 5.70399990677834 9.17599985003471
v 7.68799987435341 1.73599997162819 9.17599985003471
v 3.47199994325638 1.73599997162819 5.45599991083145
v 3.47199994325638 5.70399990677834 5.45599991083145
v -10.4159998297691 1.73599997162819 5.45599991083145
v 5.95199990272522 1.73599997162819 7.93599987030029
v 5.95199990272522 5.70399990677834 7.93599987030029
v 6.94399988651276 5.70399990677834 8.67999985814095
v 6.94399988651276 1.73599997162819 8.67999985814095
v -3.47199994325638 4.7119999229908 -17.3599997162819
v -21.327999651432 3.71999993920326 28.2719995379448
v -21.327999651432 5.45599991083145 28.2719995379448
v -20.3359996676445 5.45599991083145 28.2719995379448
v -20.3359996676445 3.71999993920326 28.2719995379448
v -20.3359996676445 3.71999993920326 21.327999651432
v -20.3359996676445 5.45599991083145 21.327999651432
v -21.327999651432 5.45599991083145 21.327999651432
v -21.327999651432 3.71999993920326 21.327999651432
v -20.3359996676445 4.21599993109703 28.2719995379448
v -20.3359996676445 4.21599993109703 21.327999651432
v -8.43199986219406 11.1599998176098 18.3519997000694
v -8.43199986219406 11.1599998176098 21.327999651432
v -8.43199986219406 10.1679998338223 21.327999651432
v -8.43199986219406 10.1679998338223 18.3519997000694
v -8.43199986219406 3.71999993920326 18.3519997000694
v -8.43199986219406 5.45599991083145 18.3519997000694
v -8.43199986219406 5.45599991083145 21.327999651432
v -8.43199986219406 3.71999993920326 21.327999651432
v -21.327999651432 11.1599998176098 28.2719995379448
v -21.327999651432 11.1599998176098 21.327999651432
v -21.327999651432 10.1679998338223 21.327999651432
v -21.327999651432 10.1679998338223 28.2719995379448
v -8.43199986219406 11.1599998176098 28.2719995379448
v -8.43199986219406 10.1679998338223 28.2719995379448
v -11.4079998135567 11.1599998176098 18.3519997000694
v -11.4079998135567 10.1679998338223 18.3519997000694
v -11.4079998135567 3.71999993920326 18.3519997000694
v -11.4079998135567 5.45599991083145 18.3519997000694
v -18.3519997000694 11.1599998176098 18.3519997000694
v -18.3519997000694 10.1679998338223 18.3519997000694
v -21.327999651432 11.1599998176098 18.3519997000694
v -21.327999651432 10.1679998338223 18.3519997000694
v -21.327999651432 3.71999993920326 18.3519997000694
v -21.327999651432 5.45599991083145 18.3519997000694
v -18.3519997000694 5.45599991083145 18.3519997000694
v -18.3519997000694 3.71999993920326 18.3519997000694
v -8.43199986219406 11.1599998176098 31.2479994893074
v -8.43199986219406 10.1679998338223 31.2479994893074
v -8.43199986219406 3.71999993920326 28.2719995379448
v -8.43199986219406 5.45599991083145 28.2719995379448
v -21.327999651432 11.1599998176098 31.2479994893074
v -21.327999651432 10.1679998338223 31.2479994893074
v -11.4079998135567 11.1599998176098 31.2479994893074
v -11.4079998135567 10.1679998338223 31.2479994893074
v -18.3519997000694 11.1599998176098 31.2479994893074
v -18.3519997000694 10.1679998338223 31.2479994893074
v -11.4079998135567 4.21599993109703 30.2559995055199
v -11.4079998135567 5.45599991083145 30.2559995055199
v -11.4079998135567 5.45599991083145 29.2639995217323
v -11.4079998135567 4.21599993109703 29.2639995217323
v -11.4079998135567 4.7119999229908 29.2639995217323
v -18.3519997000694 4.7119999229908 29.2639995217323
v -18.3519997000694 4.21599993109703 29.2639995217323
v -18.3519997000694 5.45599991083145 29.2639995217323
v -18.3519997000694 5.45599991083145 30.2559995055199
v -18.3519997000694 4.21599993109703 30.2559995055199
v -11.4079998135567 4.21599993109703 20.3359996676445
v -11.4079998135567 5.45599991083145 20.3359996676445
v -11.4079998135567 5.45599991083145 19.343999683857
v -11.4079998135567 4.21599993109703 19.343999683857
v -18.3519997000694 4.21599993109703 20.3359996676445
v -18.3519997000694 4.7119999229908 20.3359996676445
v -11.4079998135567 4.7119999229908 20.3359996676445
v -18.3519997000694 4.21599993109703 19.343999683857
v -18.3519997000694 5.45599991083145 19.343999683857
v -18.3519997000694 5.45599991083145 20.3359996676445
v -10.4159998297691 4.7119999229908 21.327999651432
v -10.4159998297691 5.45599991083145 21.327999651432
v -11.4079998135567 5.45599991083145 21.327999651432
v -11.4079998135567 4.7119999229908 21.327999651432
v -11.4079998135567 4.7119999229908 28.2719995379448
v -11.4079998135567 5.45599991083145 28.2719995379448
v -10.4159998297691 5.45599991083145 28.2719995379448
v -10.4159998297691 4.7119999229908 28.2719995379448
v -18.3519997000694 3.71999993920326 19.343999683857
v -11.4079998135567 3.71999993920326 19.343999683857
v -18.3519997000694 5.45599991083145 21.327999651432
v -18.3519997000694 4.7119999229908 21.327999651432
v -10.4159998297691 4.21599993109703 28.2719995379448
v -9.4239998459816 5.45599991083145 28.2719995379448
v -9.4239998459816 4.21599993109703 28.2719995379448
v -10.4159998297691 4.21599993109703 21.327999651432
v -9.4239998459816 4.21599993109703 21.327999651432
v -9.4239998459816 5.45599991083145 21.327999651432
v -9.4239998459816 3.71999993920326 21.327999651432
v -9.4239998459816 3.71999993920326 28.2719995379448
v -19.343999683857 4.21599993109703 28.2719995379448
v -19.343999683857 4.7119999229908 28.2719995379448
v -19.343999683857 4.7119999229908 21.327999651432
v -19.343999683857 4.21599993109703 21.327999651432
v -19.343999683857 5.45599991083145 28.2719995379448
v -19.343999683857 5.45599991083145 21.327999651432
v -18.3519997000694 5.45599991083145 28.2719995379448
v -18.3519997000694 4.7119999229908 28.2719995379448
v -11.4079998135567 3.71999993920326 30.2559995055199
v -18.3519997000694 3.71999993920326 30.2559995055199
v -10.6214372653765 5.45599991083145 19.1385622482496
v -10.6214372653765 10.1679998338223 19.1385622482496
v -9.91999983787537 10.1679998338223 18.8479996919632
v -9.91999983787537 5.45599991083145 18.8479996919632
v -10.9119998216629 5.45599991083145 19.8399996757507
v -10.9119998216629 10.1679998338223 19.8399996757507
v -10.6214372653765 5.45599991083145 20.5414371032518
v -10.6214372653765 10.1679998338223 20.5414371032518
v -9.91999983787537 5.45599991083145 20.8319996595383
v -9.91999983787537 10.1679998338223 20.8319996595383
v -9.21856241037426 5.45599991083145 20.5414371032518
v -9.21856241037426 10.1679998338223 20.5414371032518
v -8.92799985408783 5.45599991083145 19.8399996757507
v -8.92799985408783 10.1679998338223 19.8399996757507
v -9.21856241037426 5.45599991083145 19.1385622482496
v -9.21856241037426 10.1679998338223 19.1385622482496
v -20.8319996595383 5.45599991083145 19.8399996757507
v -20.8319996595383 10.1679998338223 19.8399996757507
v -20.5414371032518 10.1679998338223 19.1385622482496
v -20.5414371032518 5.45599991083145 19.1385622482496
v -20.5414371032518 5.45599991083145 20.5414371032518
v -20.5414371032518 10.1679998338223 20.5414371032518
v -19.8399996757507 5.45599991083145 20.8319996595383
v -19.8399996757507 10.1679998338223 20.8319996595383
v -19.1385622482496 5.45599991083145 20.5414371032518
v -19.1385622482496 10.1679998338223 20.5414371032518
v -18.8479996919632 5.45599991083145 19.8399996757507
v -18.8479996919632 10.1679998338223 19.8399996757507
v -19.1385622482496 5.45599991083145 19.1385622482496
v -19.1385622482496 10.1679998338223 19.1385622482496
v -19.8399996757507 5.45599991083145 18.8479996919632
v -19.8399996757507 10.1679998338223 18.8479996919632
v -10.6214372653765 5.45599991083145 29.0585639782148
v -10.6214372653765 10.1679998338223 29.0585639782148
v -9.91999983787537 10.1679998338223 28.7679995298386
v -9.91999983787537 5.45599991083145 28.7679995298386
v -10.9119998216629 5.45599991083145 29.7599995136261
v -10.9119998216629 10.1679998338223 29.7599995136261
v -10.6214372653765 5.45599991083145 30.4614350490374
v -10.6214372653765 10.1679998338223 30.4614350490374
v -9.91999983787537 5.45599991083145 30.7519994974136
v -9.91999983787537 10.1679998338223 30.7519994974136
v -9.21856241037426 5.45599991083145 30.4614350490374
v -9.21856241037426 10.1679998338223 30.4614350490374
v -8.92799985408783 5.45599991083145 29.7599995136261
v -8.92799985408783 10.1679998338223 29.7599995136261
v -9.21856241037426 5.45599991083145 29.0585639782148
v -9.21856241037426 10.1679998338223 29.0585639782148
v -20.8319996595383 5.45599991083145 29.7599995136261
v -20.8319996595383 10.1679998338223 29.7599995136261
v -20.5414371032518 10.1679998338223 29.0585639782148
v -20.5414371032518 5.45599991083145 29.0585639782148
v -20.5414371032518 5.45599991083145 30.4614350490374
v -20.5414371032518 10.1679998338223 30.4614350490374
v -19.8399996757507 5.45599991083145 30.7519994974136
v -19.8399996757507 10.1679998338223 30.7519994974136
v -19.1385622482496 5.45599991083145 30.4614350490374
v -19.1385622482496 10.1679998338223 30.4614350490374
v -18.8479996919632 5.45599991083145 29.7599995136261
v -18.8479996919632 10.1679998338223 29.7599995136261
v -19.1385622482496 5.45599991083145 29.0585639782148
v -19.1385622482496 10.1679998338223 29.0585639782148
v -19.8399996757507 5.45599991083145 28.7679995298386
v -19.8399996757507 10.1679998338223 28.7679995298386
v -11.4079998135567 5.70399990677834 -38.1919993758202
v -16.3679997324944 5.70399990677834 -34.22399944067
v -4.46399992704391 5.70399990677834 -36.2079994082451
v 7.43999987840652 5.70399990677834 -32.2399994730949
v 29.2639995217323 5.70399990677834 -36.7039994001389
v 22.8159996271133 5.70399990677834 -38.6879993677139
v 8.92799985408783 5.70399990677834 -32.7359994649887
v 36.2079994082451 5.70399990677834 -30.7519994974136
v -20.3359996676445 10.1679998338223 28.2719995379448
v -20.3359996676445 10.1679998338223 21.327999651432
v -36.2079994082451 3.71999993920326 28.2719995379448
v 22.8159996271133 5.70399990677834 -23.3119996190071
v 17.3599997162819 5.70399990677834 -23.3119996190071
v 17.3599997162819 5.70399990677834 -20.3359996676445
v 14.3839997649193 5.70399990677834 -19.343999683857
v 14.3839997649193 5.70399990677834 -14.3839997649193
v 22.8159996271133 5.70399990677834 -14.3839997649193
v 14.3839997649193 5.70399990677834 -20.3359996676445
v 14.3839997649193 5.70399990677834 -12.3999997973442
v 24.7999995946884 5.70399990677834 -23.3119996190071
v 24.7999995946884 5.70399990677834 -14.3839997649193
v 24.7999995946884 5.70399990677834 -12.3999997973442
v 22.8159996271133 5.70399990677834 -4.46399992704391
v 24.7999995946884 5.70399990677834 -4.46399992704391
v 22.8159996271133 5.70399990677834 -12.3999997973442
v 31.2479994893074 5.70399990677834 -12.3999997973442
v 31.2479994893074 5.70399990677834 -14.3839997649193
v 31.2479994893074 5.70399990677834 -20.3359996676445
v 31.2479994893074 5.70399990677834 -23.3119996190071
v 34.22399944067 5.70399990677834 -16.3679997324944
v 34.22399944067 5.70399990677834 -20.3359996676445
v 31.2479994893074 5.70399990677834 -16.3679997324944
v 31.2479994893074 5.70399990677834 -8.43199986219406
v 34.22399944067 5.70399990677834 -4.46399992704391
v 34.22399944067 5.70399990677834 -8.43199986219406
v 14.3839997649193 5.70399990677834 -4.46399992704391
v 44.1439992785454 5.70399990677834 -26.2879995703697
v 44.1439992785454 5.70399990677834 -52.0799991488457
v -31.2479994893074 5.70399990677834 -26.2879995703697
v -31.2479994893074 5.70399990677834 -52.0799991488457
v 12.3999997973442 5.70399990677834 -20.3359996676445
v 1.4879999756813 5.20799991488457 -12.3999997973442
v -11.4079998135567 10.1679998338223 30.2559995055199
v -18.3519997000694 10.1679998338223 29.2639995217323
v -11.4079998135567 10.1679998338223 29.2639995217323
v -18.3519997000694 10.1679998338223 30.2559995055199
v -11.4079998135567 10.1679998338223 20.3359996676445
v -18.3519997000694 10.1679998338223 19.343999683857
v -11.4079998135567 10.1679998338223 19.343999683857
v -18.3519997000694 10.1679998338223 20.3359996676445
v -11.4079998135567 10.1679998338223 21.327999651432
v -18.3519997000694 10.1679998338223 28.2719995379448
v -18.3519997000694 10.1679998338223 21.327999651432
v -11.4079998135567 10.1679998338223 28.2719995379448
v -10.4159998297691 10.1679998338223 28.2719995379448
v -10.4159998297691 10.1679998338223 21.327999651432
v -11.4079998135567 5.45599991083145 19.8399996757507
v -11.4079998135567 10.1679998338223 19.8399996757507
v -21.327999651432 5.45599991083145 19.8399996757507
v -21.327999651432 10.1679998338223 19.8399996757507
v -11.4079998135567 5.45599991083145 29.7599995136261
v -11.4079998135567 10.1679998338223 29.7599995136261
v -21.327999651432 5.45599991083145 29.7599995136261
v -21.327999651432 10.1679998338223 29.7599995136261
v -9.4239998459816 10.1679998338223 21.327999651432
v -9.4239998459816 10.1679998338223 28.2719995379448
v -19.343999683857 10.1679998338223 21.327999651432
v -19.343999683857 10.1679998338223 28.2719995379448
v 2.47999995946884 11.6559998095036 21.327999651432
v 1.4879999756813 11.6559998095036 21.327999651432
v 26.2879995703697 11.6559998095036 18.3519997000694
v 27.2799995541573 11.6559998095036 15.3759997487068
v 22.3199996352196 11.6559998095036 21.327999651432
v 20.3359996676445 11.6559998095036 21.327999651432
v 24.3039996027946 11.6559998095036 20.3359996676445
v 27.2799995541573 11.6559998095036 9.4239998459816
v 17.3599997162819 11.6559998095036 21.327999651432
v 13.3919997811317 11.6559998095036 21.327999651432
v 18.3519997000694 11.6559998095036 14.3839997649193
v 16.3679997324944 11.6559998095036 16.3679997324944
v 16.3679997324944 11.6559998095036 14.3839997649193
v 18.3519997000694 11.6559998095036 16.3679997324944
v 25.2959995865822 13.6399997770786 -11.4079998135567
v 27.2799995541573 13.6399997770786 -11.4079998135567
v -11.4079998135567 11.6559998095036 -38.1919993758202
v -16.3679997324944 11.6559998095036 -34.22399944067
v -4.46399992704391 11.6559998095036 -36.2079994082451
v 7.43999987840652 11.6559998095036 -32.2399994730949
v 29.2639995217323 11.6559998095036 -36.7039994001389
v 8.92799985408783 11.6559998095036 -32.7359994649887
v 22.8159996271133 11.6559998095036 -38.6879993677139
v 36.2079994082451 11.6559998095036 -30.7519994974136
v 8.43199986219406 11.6559998095036 9.4239998459816
v 7.68799987435341 11.6559998095036 9.17599985003471
v 6.94399988651276 11.6559998095036 8.67999985814095
v 5.95199990272522 11.6559998095036 7.93599987030029
v 3.47199994325638 11.6559998095036 5.45599991083145
v -20.3359996676445 11.6559998095036 13.3919997811317
v -20.3359996676445 11.6559998095036 12.3999997973442
v 27.2799995541573 11.6559998095036 11.4079998135567
v 25.2959995865822 11.6559998095036 9.4239998459816
v 25.2959995865822 11.6559998095036 11.4079998135567
v 27.2799995541573 11.6559998095036 13.3919997811317
v 25.2959995865822 11.6559998095036 13.3919997811317
v 23.3119996190071 11.6559998095036 9.4239998459816
v 23.3119996190071 11.6559998095036 11.4079998135567
v 23.3119996190071 11.6559998095036 13.3919997811317
v 21.327999651432 11.6559998095036 9.4239998459816
v 21.327999651432 11.6559998095036 11.4079998135567
v 25.2959995865822 11.6559998095036 15.3759997487068
v 13.3919997811317 11.6559998095036 19.343999683857
v 11.4079998135567 11.6559998095036 17.3599997162819
v 13.3919997811317 11.6559998095036 17.3599997162819
v 11.4079998135567 11.6559998095036 19.343999683857
v -20.3359996676445 11.6559998095036 11.4079998135567
v -20.3359996676445 11.6559998095036 10.4159998297691
v -10.4159998297691 11.6559998095036 5.45599991083145
v 2.47999995946884 11.6559998095036 19.343999683857
v 2.47999995946884 11.6559998095036 17.3599997162819
v -19.343999683857 11.6559998095036 10.4159998297691
v -1.4879999756813 11.6559998095036 13.3919997811317
v -19.343999683857 11.6559998095036 13.3919997811317
v -5.45599991083145 11.6559998095036 9.4239998459816
v -5.20176926313093 11.6559998095036 10.2090752115689
v 0.495999991893768 11.6559998095036 11.4079998135567
v -1.4530630103099 11.6559998095036 11.4865839797528
v -0.380897073242693 11.6559998095036 11.3737454195852
v 1.65096709032747 11.6559998095036 11.84699113939
v 2.47999995946884 11.6559998095036 12.3999997973442
v 3.47199994325638 11.6559998095036 13.3919997811317
v 3.97051097484299 11.6559998095036 13.9930277864457
v 11.8622428023487 11.6559998095036 14.9669242549041
v 12.3999997973442 11.6559998095036 14.3839997649193
v 13.1838968640006 11.6559998095036 13.4069718878206
v 8.62915987789273 11.6559998095036 11.2915019516911
v 10.5954276527644 11.6559998095036 10.477937389792
v 9.67506881160489 11.6559998095036 10.87563763964
v 7.43999987840652 11.6559998095036 11.4079998135567
v 6.25521090202698 11.6559998095036 11.1262714246063
v 5.21664890871218 11.6559998095036 10.630458749604
v 4.29774696192655 11.6559998095036 10.0274156686394
v 3.47199994325638 11.6559998095036 9.4239998459816
v 2.72651206328916 11.6559998095036 8.71881229647147
v 2.24055599365556 11.6559998095036 8.0776076560719
v -5.13511850738428 11.6559998095036 8.81540726559592
v -4.46747191185045 11.6559998095036 10.883573064315
v -2.542713276315 11.6559998095036 11.5601484316755
v 4.57928892090252 11.6559998095036 14.7042908363449
v 11.2002379456143 11.6559998095036 15.5574435933977
v 13.3919997811317 11.6559998095036 12.3999997973442
v 11.4079998135567 11.6559998095036 10.4159998297691
v 1.4879999756813 11.6559998095036 7.43999987840652
v -4.3770139360339 11.6559998095036 8.07478655016098
v -3.47199994325638 11.6559998095036 11.4079998135567
v 5.45599991083145 11.6559998095036 15.3759997487068
v 10.3941447733636 11.6559998095036 16.0572864197013
v 13.0487675937481 11.6559998095036 11.6068962946811
v 0.509546881931158 11.6559998095036 6.8483339334864
v 6.32604589613909 11.6559998095036 15.8193618020077
v 9.4239998459816 11.6559998095036 16.3679997324944
v 12.3477336543996 11.6559998095036 10.8851226858717
v -0.422746788745258 11.6559998095036 6.47348161417324
v 7.30933487581179 11.6559998095036 16.189471598205
v 8.3579718482672 11.6559998095036 16.4008293828367
v -3.38250314906475 11.6559998095036 7.34083072109172
v -2.35255919617077 11.6559998095036 6.75232645824883
v -1.4879999756813 11.6559998095036 6.44799989461899
v -19.343999683857 11.6559998095036 11.4079998135567
v -20.3359996676445 11.6559998095036 28.2719995379448
v -21.327999651432 11.6559998095036 21.327999651432
v -20.3359996676445 11.6559998095036 21.327999651432
v -21.327999651432 11.6559998095036 28.2719995379448
v 0.495999991893768 11.6559998095036 21.327999651432
v -0.495999991893768 11.6559998095036 21.327999651432
v -36.2079994082451 11.6559998095036 28.2719995379448
v -21.327999651432 11.6559998095036 31.2479994893074
v -21.327999651432 11.6559998095036 18.3519997000694
v -8.43199986219406 11.6559998095036 31.2479994893074
v -8.43199986219406 11.6559998095036 18.3519997000694
v 20.3359996676445 13.6399997770786 -19.343999683857
v 18.3519997000694 13.6399997770786 -17.3599997162819
v 18.3519997000694 13.6399997770786 -19.343999683857
v 20.3359996676445 13.6399997770786 -17.3599997162819
v 29.2639995217323 13.6399997770786 -11.4079998135567
v 14.3839997649193 13.6399997770786 -19.343999683857
v -11.4079998135567 11.6559998095036 30.2559995055199
v -18.3519997000694 11.6559998095036 29.2639995217323
v -11.4079998135567 11.6559998095036 29.2639995217323
v -18.3519997000694 11.6559998095036 30.2559995055199
v -11.4079998135567 11.6559998095036 20.3359996676445
v -18.3519997000694 11.6559998095036 19.343999683857
v -11.4079998135567 11.6559998095036 19.343999683857
v -18.3519997000694 11.6559998095036 20.3359996676445
v -11.4079998135567 11.6559998095036 21.327999651432
v -18.3519997000694 11.6559998095036 28.2719995379448
v -18.3519997000694 11.6559998095036 21.327999651432
v -11.4079998135567 11.6559998095036 28.2719995379448
v -10.4159998297691 11.6559998095036 28.2719995379448
v -10.4159998297691 11.6559998095036 21.327999651432
v -10.9119998216629 11.6559998095036 19.8399996757507
v -11.4079998135567 11.6559998095036 19.8399996757507
v -10.6214372653765 11.6559998095036 20.5414371032518
v -10.6214372653765 11.6559998095036 19.1385622482496
v -11.4079998135567 11.6559998095036 18.3519997000694
v -9.91999983787537 11.6559998095036 20.8319996595383
v -9.91999983787537 11.6559998095036 18.8479996919632
v -8.43199986219406 11.6559998095036 21.327999651432
v -9.21856241037426 11.6559998095036 20.5414371032518
v -9.21856241037426 11.6559998095036 19.1385622482496
v -8.92799985408783 11.6559998095036 19.8399996757507
v 45.1359992623329 0 6.44799989461899
v 56.0479990839958 0 6.44799989461899
v 56.0479990839958 0 52.0799991488457
v -0.495999991893768 0 52.0799991488457
v 5.26522591998035 11.6559998095036 13.9801634678083
v 4.72914290710089 11.6559998095036 13.3538079482598
v -3.73280276492176 11.6559998095036 8.83227146209765
v -4.38333824623328 11.6559998095036 9.51650411693072
v -4.33035878542921 11.6559998095036 9.41600198234278
v -2.84006465084985 11.6559998095036 8.17339848702591
v -1.93842993047804 11.6559998095036 7.65820892025044
v -1.33005494042084 11.6559998095036 7.44406030314485
v -0.626107182760563 11.6559998095036 7.46089422620958
v 0.064975783239845 11.6559998095036 7.73874761522325
v 0.907059814887646 11.6559998095036 8.24795250192074
v 1.51593100549826 11.6559998095036 8.76385538655563
v 1.9853639278189 11.6559998095036 9.38323477096424
v 11.210126953021 11.6559998095036 11.4259481775211
v 10.0551598545873 11.6559998095036 11.7920580958541
v 10.8364529326388 11.6559998095036 11.4544373738329
v 11.7536808381806 11.6559998095036 11.6973230510157
v 12.2105590350594 11.6559998095036 12.1676852259457
v 12.357064968334 11.6559998095036 12.5062671295918
v 12.2607476633896 11.6559998095036 12.9723834549818
v 11.647660896676 11.6559998095036 13.7365020338023
v 11.1658586737152 11.6559998095036 14.2587907215554
v 10.6042008002041 11.6559998095036 14.7597820463754
v 9.97521101861366 11.6559998095036 15.1498231166611
v 9.25415096417495 11.6559998095036 15.3807734913046
v 8.44179592068875 11.6559998095036 15.4057907028098
v 7.58383985713482 11.6559998095036 15.2328423413785
v 6.72721688910964 11.6559998095036 14.9104113163746
v 5.98727791728538 11.6559998095036 14.5333575505642
v 4.2060799407196 11.6559998095036 12.7231744136445
v -2.49534480785087 11.6559998095036 10.5626916608678
v -0.413633065139322 11.6559998095036 10.3796981946202
v -1.53840619433993 11.6559998095036 10.4980881462986
v -3.15245151708234 11.6559998095036 10.455122570829
v -3.89121325427618 11.6559998095036 10.0659159121508
v -4.33845030751377 11.6559998095036 9.65510537198975
v 2.83597300662962 11.6559998095036 10.1878402875996
v 8.86541094214687 11.6559998095036 12.2651183908572
v 0.696817890223087 11.6559998095036 10.4230989507469
v 7.37176887289932 11.6559998095036 12.4114393723526
v 2.10818586337263 11.6559998095036 10.9595537149287
v 3.73261698535326 11.6559998095036 10.8430861265001
v 5.9230459027254 11.6559998095036 12.0669352275922
v 3.11208993021756 11.6559998095036 11.6291851126762
v 4.72858491798952 11.6559998095036 11.4966915235329
v -20.8319996595383 11.6559998095036 19.8399996757507
v -21.327999651432 11.6559998095036 19.8399996757507
v -20.5414371032518 11.6559998095036 20.5414371032518
v -20.5414371032518 11.6559998095036 19.1385622482496
v -19.8399996757507 11.6559998095036 20.8319996595383
v -19.8399996757507 11.6559998095036 18.8479996919632
v -18.3519997000694 11.6559998095036 18.3519997000694
v -19.1385622482496 11.6559998095036 20.5414371032518
v -19.1385622482496 11.6559998095036 19.1385622482496
v -18.8479996919632 11.6559998095036 19.8399996757507
v -10.9119998216629 11.6559998095036 29.7599995136261
v -11.4079998135567 11.6559998095036 31.2479994893074
v -11.4079998135567 11.6559998095036 29.7599995136261
v -10.6214372653765 11.6559998095036 30.4614350490374
v -10.6214372653765 11.6559998095036 29.0585639782148
v -9.91999983787537 11.6559998095036 30.7519994974136
v -9.91999983787537 11.6559998095036 28.7679995298386
v -8.43199986219406 11.6559998095036 28.2719995379448
v -9.21856241037426 11.6559998095036 30.4614350490374
v -9.21856241037426 11.6559998095036 29.0585639782148
v -8.92799985408783 11.6559998095036 29.7599995136261
v -20.8319996595383 11.6559998095036 29.7599995136261
v -21.327999651432 11.6559998095036 29.7599995136261
v -20.5414371032518 11.6559998095036 30.4614350490374
v -20.5414371032518 11.6559998095036 29.0585639782148
v -19.8399996757507 11.6559998095036 30.7519994974136
v -19.8399996757507 11.6559998095036 28.7679995298386
v -18.3519997000694 11.6559998095036 31.2479994893074
v -19.1385622482496 11.6559998095036 30.4614350490374
v -19.1385622482496 11.6559998095036 29.0585639782148
v -18.8479996919632 11.6559998095036 29.7599995136261
v -9.4239998459816 11.6559998095036 21.327999651432
v -9.4239998459816 11.6559998095036 28.2719995379448
v -19.343999683857 11.6559998095036 21.327999651432
v -19.343999683857 11.6559998095036 28.2719995379448
v 27.2799995541573 12.895999789238 -13.3919997811317
v 25.2959995865822 12.895999789238 -13.3919997811317
v 29.2639995217323 12.895999789238 -13.3919997811317
v 12.3999997973442 11.6559998095036 -20.3359996676445
v -3.47199994325638 11.6559998095036 -17.3599997162819
v -1.4879999756813 11.6559998095036 -15.3759997487068
v -7.43999987840652 11.6559998095036 -19.343999683857
v -5.45599991083145 11.6559998095036 -19.343999683857
v 1.4879999756813 11.6559998095036 -12.3999997973442
v -12.1519998013973 11.6559998095036 -9.67199984192848
v -12.3999997973442 11.6559998095036 -9.05199985206127
v -12.2759997993708 11.6559998095036 -9.4239998459816
v -11.6559998095036 11.6559998095036 -10.1679998338223
v -11.4079998135567 11.6559998095036 -10.2919998317957
v -11.0359998196363 11.6559998095036 -10.4159998297691
v -3.47199994325638 11.6559998095036 -10.4159998297691
v 0 11.6559998095036 -13.8879997730255
v -19.343999683857 11.6559998095036 -20.5839996635914
v -18.1039997041225 11.6559998095036 -19.343999683857
v -19.0959996879101 11.6559998095036 -20.0879996716976
v -18.5999996960163 11.6559998095036 -19.5919996798038
v -10.4159998297691 11.6559998095036 -19.343999683857
v -13.3919997811317 11.6559998095036 -19.343999683857
v -16.3679997324944 11.6559998095036 -19.343999683857
v -20.3359996676445 11.1599998176098 28.2719995379448
v -20.3359996676445 11.1599998176098 21.327999651432
v -11.4079998135567 11.1599998176098 30.2559995055199
v -11.4079998135567 11.1599998176098 29.2639995217323
v -18.3519997000694 11.1599998176098 29.2639995217323
v -18.3519997000694 11.1599998176098 30.2559995055199
v -11.4079998135567 11.1599998176098 20.3359996676445
v -11.4079998135567 11.1599998176098 19.343999683857
v -18.3519997000694 11.1599998176098 19.343999683857
v -18.3519997000694 11.1599998176098 20.3359996676445
v -11.4079998135567 11.1599998176098 21.327999651432
v -18.3519997000694 11.1599998176098 21.327999651432
v -18.3519997000694 11.1599998176098 28.2719995379448
v -11.4079998135567 11.1599998176098 28.2719995379448
v -10.4159998297691 11.1599998176098 28.2719995379448
v -10.4159998297691 11.1599998176098 21.327999651432
v -10.9119998216629 11.1599998176098 19.8399996757507
v -11.4079998135567 11.1599998176098 19.8399996757507
v -10.6214372653765 11.1599998176098 20.5414371032518
v -10.6214372653765 11.1599998176098 19.1385622482496
v -9.91999983787537 11.1599998176098 20.8319996595383
v -9.91999983787537 11.1599998176098 18.8479996919632
v -9.21856241037426 11.1599998176098 20.5414371032518
v -9.21856241037426 11.1599998176098 19.1385622482496
v -8.92799985408783 11.1599998176098 19.8399996757507
v -20.8319996595383 11.1599998176098 19.8399996757507
v -21.327999651432 11.1599998176098 19.8399996757507
v -20.5414371032518 11.1599998176098 20.5414371032518
v -20.5414371032518 11.1599998176098 19.1385622482496
v -19.8399996757507 11.1599998176098 20.8319996595383
v -19.8399996757507 11.1599998176098 18.8479996919632
v -19.1385622482496 11.1599998176098 20.5414371032518
v -19.1385622482496 11.1599998176098 19.1385622482496
v -18.8479996919632 11.1599998176098 19.8399996757507
v -10.9119998216629 11.1599998176098 29.7599995136261
v -11.4079998135567 11.1599998176098 29.7599995136261
v -10.6214372653765 11.1599998176098 30.4614350490374
v -10.6214372653765 11.1599998176098 29.0585639782148
v -9.91999983787537 11.1599998176098 30.7519994974136
v -9.91999983787537 11.1599998176098 28.7679995298386
v -9.21856241037426 11.1599998176098 30.4614350490374
v -9.21856241037426 11.1599998176098 29.0585639782148
v -8.92799985408783 11.1599998176098 29.7599995136261
v -20.8319996595383 11.1599998176098 29.7599995136261
v -21.327999651432 11.1599998176098 29.7599995136261
v -20.5414371032518 11.1599998176098 30.4614350490374
v -20.5414371032518 11.1599998176098 29.0585639782148
v -19.8399996757507 11.1599998176098 30.7519994974136
v -19.8399996757507 11.1599998176098 28.7679995298386
v -19.1385622482496 11.1599998176098 30.4614350490374
v -19.1385622482496 11.1599998176098 29.0585639782148
v -18.8479996919632 11.1599998176098 29.7599995136261
v -9.4239998459816 11.1599998176098 21.327999651432
v -9.4239998459816 11.1599998176098 28.2719995379448
v -19.343999683857 11.1599998176098 21.327999651432
v -19.343999683857 11.1599998176098 28.2719995379448
v 25.2959995865822 1.73599997162819 15.3759997487068
v 2.47999995946884 1.73599997162819 19.343999683857
v -5.45599991083145 1.73599997162819 9.4239998459816
v -5.20176926313093 1.73599997162819 10.2090752115689
v 0.495999991893768 1.73599997162819 11.4079998135567
v -0.380897073242693 1.73599997162819 11.3737454195852
v -1.4530630103099 1.73599997162819 11.4865839797528
v 1.65096709032747 1.73599997162819 11.84699113939
v 2.47999995946884 1.73599997162819 12.3999997973442
v 3.47199994325638 1.73599997162819 13.3919997811317
v 3.97051097484299 1.73599997162819 13.9930277864457
v 12.3999997973442 1.73599997162819 14.3839997649193
v 11.8622428023487 1.73599997162819 14.9669242549041
v 13.1838968640006 1.73599997162819 13.4069718878206
v 8.62915987789273 1.73599997162819 11.2915019516911
v 9.67506881160489 1.73599997162819 10.87563763964
v 10.5954276527644 1.73599997162819 10.477937389792
v 7.43999987840652 1.73599997162819 11.4079998135567
v 6.25521090202698 1.73599997162819 11.1262714246063
v 5.21664890871218 1.73599997162819 10.630458749604
v 4.29774696192655 1.73599997162819 10.0274156686394
v 3.47199994325638 1.73599997162819 9.4239998459816
v 2.72651206328916 1.73599997162819 8.71881229647147
v 2.24055599365556 1.73599997162819 8.0776076560719
v -5.13511850738428 1.73599997162819 8.81540726559592
v -4.46747191185045 1.73599997162819 10.883573064315
v -2.542713276315 1.73599997162819 11.5601484316755
v 4.57928892090252 1.73599997162819 14.7042908363449
v 11.2002379456143 1.73599997162819 15.5574435933977
v 13.3919997811317 1.73599997162819 12.3999997973442
v 11.4079998135567 1.73599997162819 10.4159998297691
v 1.4879999756813 1.73599997162819 7.43999987840652
v -4.3770139360339 1.73599997162819 8.07478655016098
v -3.47199994325638 1.73599997162819 11.4079998135567
v 5.45599991083145 1.73599997162819 15.3759997487068
v 10.3941447733636 1.73599997162819 16.0572864197013
v 13.0487675937481 1.73599997162819 11.6068962946811
v 0.509546881931158 1.73599997162819 6.8483339334864
v 6.32604589613909 1.73599997162819 15.8193618020077
v 9.4239998459816 1.73599997162819 16.3679997324944
v 12.3477336543996 1.73599997162819 10.8851226858717
v -0.422746788745258 1.73599997162819 6.47348161417324
v 7.30933487581179 1.73599997162819 16.189471598205
v 8.3579718482672 1.73599997162819 16.4008293828367
v -3.38250314906475 1.73599997162819 7.34083072109172
v -2.35255919617077 1.73599997162819 6.75232645824883
v -1.4879999756813 1.73599997162819 6.44799989461899
v 5.26522591998035 1.4879999756813 13.9801634678083
v 4.72914290710089 1.4879999756813 13.3538079482598
v 4.57928892090252 1.73599571442611 14.7042908363449
v 5.98727791728538 1.4879999756813 14.5333575505642
v 6.72721688910964 1.4879999756813 14.9104113163746
v 5.45599991083145 1.73599760651592 15.3759997487068
v 7.58383985713482 1.4879999756813 15.2328423413785
v 6.32604589613909 1.73599949860574 15.8193618020077
v 8.44179592068875 1.4879999756813 15.4057907028098
v 8.3579718482672 1.73599287629139 16.4008293828367
v 9.25415096417495 1.4879999756813 15.3807734913046
v 9.97521101861366 1.4879999756813 15.1498231166611
v 9.4239998459816 1.73599571442611 16.3679997324944
v 10.6042008002041 1.4879999756813 14.7597820463754
v 10.3941447733636 1.73599571442611 16.0572864197013
v 11.8622428023487 1.73599618744856 14.9669242549041
v 11.1658586737152 1.4879999756813 14.2587907215554
v 11.647660896676 1.4879999756813 13.7365020338023
v 11.8622428023487 1.73599666047102 14.9669242549041
v 13.1838968640006 1.73599713349347 13.4069718878206
v 12.2607476633896 1.4879999756813 12.9723834549818
v 12.357064968334 1.4879999756813 12.5062671295918
v 13.1838968640006 1.7359938223363 13.4069718878206
v 13.0487675937481 1.73598814606686 11.6068962946811
v 12.2105590350594 1.4879999756813 12.1676852259457
v 13.0487675937481 1.73599145722403 11.6068962946811
v 11.7536808381806 1.4879999756813 11.6973230510157
v 11.4079998135567 1.73598956513422 10.4159998297691
v 11.210126953021 1.4879999756813 11.4259481775211
v 11.4079998135567 1.73599666047102 10.4159998297691
v 10.8364529326388 1.4879999756813 11.4544373738329
v 10.5954276527644 1.73599618744856 10.477937389792
v 10.0551598545873 1.4879999756813 11.7920580958541
v 9.67506881160489 1.73599949860574 10.87563763964
v 8.86541094214687 1.4879999756813 12.2651183908572
v 7.43999987840652 1.73599855256083 11.4079998135567
v 7.37176887289932 1.4879999756813 12.4114393723526
v 6.25521090202698 1.73599713349347 11.1262714246063
v 5.9230459027254 1.4879999756813 12.0669352275922
v 5.21664890871218 1.73599902558328 10.630458749604
v 4.72858491798952 1.4879999756813 11.4966915235329
v 5.21664890871218 1.73599713349347 10.630458749604
v 3.73261698535326 1.4879999756813 10.8430861265001
v 3.47199994325638 1.73599571442611 9.4239998459816
v 2.83597300662962 1.4879999756813 10.1878402875996
v 3.47199994325638 1.73599666047102 9.4239998459816
v 1.9853639278189 1.4879999756813 9.38323477096424
v 2.72651206328916 1.73599666047102 8.71881229647147
v 1.51593100549826 1.4879999756813 8.76385538655563
v 1.4879999756813 1.73599240326894 7.43999987840652
v 0.907059814887646 1.4879999756813 8.24795250192074
v 0.509546881931158 1.73599949860574 6.8483339334864
v 0.064975783239845 1.4879999756813 7.73874761522325
v 0.509546881931158 1.73599571442611 6.8483339334864
v -0.626107182760563 1.4879999756813 7.46089422620958
v -0.422746788745258 1.73599760651592 6.47348161417324
v -1.33005494042084 1.4879999756813 7.44406030314485
v -2.35255919617077 1.73599949860574 6.75232645824883
v -1.93842993047804 1.4879999756813 7.65820892025044
v -2.84006465084985 1.4879999756813 8.17339848702591
v -3.38250314906475 1.7359938223363 7.34083072109172
v -3.73280276492176 1.4879999756813 8.83227146209765
v -5.13511850738428 1.73599003815667 8.81540726559592
v -4.33035878542921 1.4879999756813 9.41600198234278
v -5.13511850738428 1.73598530793214 8.81540726559592
v -4.38333824623328 1.4879999756813 9.51650411693072
v -4.33845030751377 1.4879999756813 9.65510537198975
v -5.45599991083145 1.73599334931384 9.4239998459816
v -3.89121325427618 1.4879999756813 10.0659159121508
v -5.20176926313093 1.73599902558328 10.2090752115689
v -3.15245151708234 1.4879999756813 10.455122570829
v -3.47199994325638 1.73599524140366 11.4079998135567
v -2.49534480785087 1.4879999756813 10.5626916608678
v -3.47199994325638 1.7359947683812 11.4079998135567
v -1.53840619433993 1.4879999756813 10.4980881462986
v -0.413633065139322 1.4879999756813 10.3796981946202
v -1.4530630103099 1.73599713349347 11.4865839797528
v 0.495999991893768 1.73599571442611 11.4079998135567
v 0.696817890223087 1.4879999756813 10.4230989507469
v 2.10818586337263 1.4879999756813 10.9595537149287
v 1.65096709032747 1.73599855256083 11.84699113939
v 3.11208993021756 1.4879999756813 11.6291851126762
v 1.65096709032747 1.73599524140366 11.84699113939
v 4.2060799407196 1.4879999756813 12.7231744136445
v 3.97051097484299 1.73599949860574 13.9930277864457
vn 0 0 -1
vn 1 0 0
vn -1 0 0
vn 0 0 1
vn 0.948683298050514 0 0.316227766016838
vn 0.216930457818656 0 -0.976187060183953
vn 0.919145030018058 0 -0.393919298579168
vn 0.6 0 0.8
vn 0.52999894000318 0 -0.847998304005088
vn 0.707106781186548 0 -0.707106781186548
vn 0.371390676354104 0 0.928476690885259
vn 0.371390676354104 0 0.928476690885259
vn 0 0 1
vn 0.447213595499958 0 0.894427190999916
vn 0.707106781186547 0 0.707106781186547
vn -0.707106781186547 0 0.707106781186547
vn 0.6 0 -0.8
vn -0.894427190999916 0 -0.447213595499958
vn -0.447213595499958 0 -0.894427190999916
vn 0.970142500145332 0 -0.242535625036333
vn 0.8 0 -0.6
vn 0.242535625036333 0 -0.970142500145332
vn -0.316227766016838 0 -0.948683298050514
vn -0.707106781186547 0 -0.707106781186547
vn 0.707106781186547 0 -0.707106781186547
vn -0.948683298050514 0 -0.316227766016838
vn 0.316227766016838 0 0.948683298050514
vn 0.894427190999916 0 0.447213595499958
vn 0.948683298050514 0 0.316227766016838
vn -0.707106781186548 0 -0.707106781186548
vn -0.316223423279399 0 -0.948684745618616
vn 0.447213595499958 0 -0.894427190999916
vn 0.894427190999916 0 -0.447213595499958
vn -0.316236451432078 0 -0.948680402867924
vn -0.919145030018058 0 -0.393919298579168
vn -0.919145030018058 0 -0.393919298579168
vn 0.316227766016838 0 -0.948683298050514
vn 0.554700196225229 0 -0.832050294337844
vn 0.6 0 -0.8
vn 0.382703286831404 0 0.923871308272121
vn 0.923871308272121 0 0.382703286831404
vn 0.923871308272121 0 -0.382703286831404
vn 0.382703286831404 0 -0.923871308272121
vn -0.382703286831404 0 -0.923871308272121
vn -0.923871308272121 0 -0.382703286831404
vn -0.923871308272121 0 0.382703286831404
vn -0.382703286831404 0 0.923871308272121
vn 0.382705413925148 0 0.923870427144619
vn 0.92387094327438 0 0.382704167959152
vn 0.92387094327438 0 -0.382704167959152
vn 0.382705413925148 0 -0.923870427144619
vn -0.382705413925148 0 -0.923870427144619
vn -0.92387094327438 0 -0.382704167959152
vn -0.92387094327438 0 0.382704167959152
vn -0.382705413925148 0 0.923870427144619
vn 0 1 0
vn 0 1 0
vn 0 0.894427190999916 0.447213595499958
vn 0 -1 0
vn 0.298274993135947 0.95447997803503 0
vn 0 -1 0
vn 0.274721127897378 0.961523947640823 0
vn -0.184261849229792 0.970142554776712 0.157705403616148
vn -0.184261832199789 0.970142471261926 0.157705937263569
vn -0.147502593807212 0.970142528161374 0.192526517323725
vn -0.147502694275362 0.970142634707 0.192525903465664
vn -0.110116396280325 0.970142956423732 0.216094940643356
vn -0.110116246016441 0.970142874883554 0.216095383282289
vn -0.0854374343948166 0.970142944158319 0.226987032016941
vn -0.0854374222868846 0.970142936910733 0.226987067550534
vn -0.04792626288829 0.970143074446467 0.237750895748301
vn -0.0479263715690742 0.970143094267419 0.237750792960741
vn 0.00746565781822895 0.970141751196492 0.242423692197657
vn 0.00746573914650155 0.970141736076328 0.242423750201595
vn 0.0739800928486376 0.970142691143058 0.230976415860606
vn 0.0739801977559375 0.970142724581601 0.230976241811537
vn 0.127815535421893 0.970143478219736 0.206118462473715
vn 0.127815412923128 0.970143422833748 0.20611879912252
vn 0.161442095061409 0.970143541747015 0.180991597453421
vn 0.16144206267337 0.970143526364937 0.180991708793448
vn 0.178265925750274 0.970143480992892 0.164447213425439
vn 0.178265857495712 0.970143434994392 0.164447558779695
vn 0.189169214333556 0.970143365342455 0.151778980858487
vn 0.189169141427953 0.970143444500755 0.151778565758217
vn 0.237513637465694 0.970143542019664 0.0490793224826488
vn 0.237513523942605 0.970143580413005 0.0490791129483862
vn 0.222584871793545 0.970144124805195 -0.0963138201641562
vn 0.222584822836115 0.970144171040773 -0.0963134675869676
vn 0.173970440707014 0.97014382517883 -0.168982970229531
vn 0.17397042279713 0.97014379420297 -0.168983166502625
vn 0.108334166140847 0.97014372808185 -0.21699044981293
vn 0.108334450119093 0.970143815557411 -0.216989916938789
vn -0.0184375649645746 0.970142322213008 -0.241834511286809
vn -0.018437646785069 0.970142331739208 -0.241834466833495
vn -0.0962078630825432 0.970143085164534 -0.222635220458333
vn -0.0962076696160182 0.970143021120156 -0.222635583137358
vn -0.0896104351648499 0.970143148452175 -0.225371341170229
vn -0.0896105711565946 0.970143211301238 -0.225371016555169
vn -0.0236457367826021 0.970143234560278 -0.241377263985094
vn -0.0236459569446704 0.970143164777079 -0.24137752288994
vn 0.0561097091351571 0.970142587352876 -0.235955633001282
vn 0.0561098298904502 0.970142644484203 -0.235955369387649
vn 0.104491872021744 0.970142119006338 -0.218873748109004
vn 0.104491848693338 0.970142100365921 -0.218873841868432
vn 0.133068522413521 0.97014260426659 -0.202771042630647
vn 0.133068565645026 0.970142666007455 -0.202770718865232
vn 0.143100772566312 0.970142606620407 -0.195820049307231
vn 0.143100757096122 0.970142559701257 -0.195820293061802
vn 0.166668090292414 0.970142363477227 -0.176197452493219
vn 0.166668093852332 0.970142372913627 -0.176197397169048
vn 0.193290372447218 0.970143177652057 -0.146495893370375
vn 0.19329033700196 0.970143108471507 -0.146496398272826
vn 0.156786882445982 0.970143137621798 -0.185040984698532
vn 0.156786931016948 0.970143178729875 -0.185040728020027
vn 0.125501536366122 0.9701415990625 -0.207544313673487
vn 0.125501444185126 0.97014153394895 -0.207544673780433
vn 0.0904741865087668 0.970142446718979 -0.225029008462666
vn 0.0904740950374787 0.970142430913562 -0.225029113379302
vn 0.00579782977970735 0.970142576611448 -0.242466010433517
vn 0.00579824278761437 0.970142487389874 -0.242466357545876
vn -0.080529530553473 0.970142225977427 -0.228777306751346
vn -0.0805297434742148 0.970142266664955 -0.228777059265479
vn -0.120326613006408 0.970142166786649 -0.21058414571119
vn -0.120326638707722 0.970142197117547 -0.210583991293833
vn -0.144020651924878 0.970143512715974 -0.195139992195974
vn -0.14402062231759 0.970143446424499 -0.195140343616715
vn -0.169476937567093 0.970143553095081 -0.173490789441199
vn -0.169476913173454 0.970143531369671 -0.17349093475678
vn -0.214544675282227 0.970144296819179 -0.113095648268463
vn -0.214544653064414 0.970144178808692 -0.113096702715329
vn -0.230735874918496 0.970142683306884 0.0747270369525975
vn -0.230735909687681 0.97014265474165 0.0747273004424868
vn -0.164070424472958 0.97014241542593 0.178618558959606
vn -0.164070508227963 0.970142501296101 0.178618015633257
vn -0.113047303008217 0.970142654730989 0.214577577472756
vn -0.113047048595401 0.970142531867374 0.21457826699326
vn -0.0391816479612847 0.970142777699387 0.239348677332374
vn -0.0391821412836025 0.970142887154938 0.239348152921874
vn 0.0163365302989919 0.970142548021853 0.241984615823934
vn 0.0163368831209771 0.970142462733427 0.241984933934765
vn 0.0253879511098386 0.97014323391283 0.241200243846478
vn 0.0253874027992601 0.970143085623791 0.241200897998863
vn -0.00947192301656521 0.970143033375095 0.242348462896171
vn -0.00947159274056741 0.970143103332689 0.242348195757624
vn -0.0861727394827457 0.970141910281148 0.226713327544023
vn -0.0861726942695293 0.970141879988178 0.226713474357687
vn -0.134584554311942 0.970142668461592 0.201767689610793
vn -0.134584484310364 0.970142578903687 0.201768166916928
vn -0.171497975629193 0.970142695977756 0.171498086858425
vn -0.17149794843076 0.970142725256486 0.17149794843076
vn -0.186678770247074 0.970142698544994 0.154835981602717
vn -0.186678742435537 0.970142653553042 0.154836297035769
vt 2.25 -0.875
vt 2.25 0
vt 0.75 0
vt 0.75 -0.875
vt 12.5 -1
vt 12.5 2
vt 0 2
vt 0 -1
vt 37 -1
vt 37 2
vt 28 -1
vt 28 4.875
vt 0 4.875
vt 5 -1
vt 5 4.875
vt 22 -1
vt 22 4.875
vt 1.117188 -2.375
vt 1.117188 0
vt 0.8671875 0
vt 0.8671875 -2.375
vt 0.25 -0.375
vt 0.25 0
vt 0 0
vt 0 -0.375
vt 1.5 -0.125
vt 1.5 0
vt 0 -0.125
vt 1 -1
vt 1 0
vt 0.25 -1
vt 0.75 -1
vt 1.5 -1
vt 2.65625 -1
vt 2.65625 0
vt 0.65625 0
vt 0.65625 -1
vt 2 -1
vt 2 0
vt 0.5625 -1
vt 0.5625 0
vt 0.0625 0
vt 0.0625 -1
vt 0.15625 0
vt 0.15625 -1
vt 1.117188 -1
vt 0.6171875 0
vt 0.6171875 -1
vt 1.25 -1
vt 1.25 0
vt 1.070313 -1
vt 1.070313 -0.5
vt 0.28125 -0.5
vt 0.28125 -1
vt 1.070313 -0.125
vt 1.070313 0
vt 0.28125 0
vt 0.28125 -0.125
vt 1.046875 -1
vt 1.046875 -0.5
vt 0.2578125 -0.5
vt 0.2578125 -1
vt 1.046875 -0.125
vt 1.046875 0
vt 0.2578125 0
vt 0.2578125 -0.125
vt 2.304688 -0.125
vt 2.304688 0
vt 1.890625 -1
vt 1.890625 -0.5
vt 0.640625 -0.5
vt 0.640625 -1
vt 1.890625 0
vt 0.640625 0
vt 1.90625 -0.125
vt 1.90625 0
vt 1.765625 -1
vt 1.765625 -0.5
vt 0.515625 -0.5
vt 0.515625 -1
vt 1.765625 -0.25
vt 1.765625 0
vt 0.515625 0
vt 0.515625 -0.25
vt 2.359375 -0.125
vt 2.359375 0
vt 1.25 -0.5
vt 0.75 -0.5
vt 9.25 -0.125
vt 9.25 0
vt 7 0
vt 7 -0.125
vt 2.25 -1
vt 2.25 -0.5
vt 2.125 -0.125
vt 2.125 0
vt 1.445313 -1
vt 1.445313 -0.5
vt 0.1015625 -0.5
vt 0.1015625 -1
vt 1.445313 -0.375
vt 1.445313 0
vt 0.1015625 0
vt 0.1015625 -0.375
vt 0.8671875 -1
vt 0.8671875 -0.5
vt 0.1171875 -0.5
vt 0.1171875 -1
vt 0.8671875 -0.625
vt 0.1171875 0
vt 0.1171875 -0.625
vt 1.75 -0.125
vt 1.75 0
vt 1.867188 -1
vt 1.867188 -0.5
vt 1.867188 -0.75
vt 1.867188 -0.3125
vt 0.8671875 2.220446E-16
vt 0.8671875 -0.75
vt 0.5625 -1.5
vt 0.0625 -1.5
vt 0.8671875 -1.5
vt 0.3671875 0
vt 0.3671875 -1.5
vt 0.5 -1
vt 0.5 -0.8125
vt 0 -0.8125
vt 0.5 0
vt 0.25 -0.8125
vt 3.5 -0.8125
vt 3.5 0
vt 3.25 0
vt 3.25 -0.8125
vt 1 -0.5
vt 0 -0.5
vt 1 -0.1875
vt 0 -0.1875
vt 0.75 -1.5
vt 0 -1.5
vt 10.375 -1.5
vt 10.375 0
vt 1.75 -1.5
vt 1 -1.5
vt 0.5 -1.5
vt 0.6171875 -1.5
vt 0.1171875 -1.5
vt 2 -0.5
vt 0.8203125 -1.5
vt 0.8203125 0
vt 0.5703125 0
vt 0.5703125 -1.5
vt 0.5 -0.5
vt 1.5625 -1.5
vt 1.5625 0
vt 0.8125 0
vt 0.8125 -1.5
vt 0.3125 0
vt 0.3125 -1.5
vt 1.3125 -1.5
vt 1.3125 0
vt 0.65625 -1.5
vt 0.15625 -1.5
vt 1.367188 -1
vt 1.367188 -0.5
vt 0.6171875 -0.5
vt 0.25 -0.125
vt 0.25 2.220446E-16
vt 0.28125 -2.125
vt 0.03125 0
vt 0.03125 -2.125
vt 2.25 -0.125
vt 0.75 -0.125
vt 0.8125 -0.75
vt 0.0625 -0.75
vt 1.265625 -0.75
vt 1.265625 0
vt 0.515625 -0.75
vt 0.7578125 -0.375
vt 0.7578125 0
vt 0.2578125 -0.375
vt 1.257813 -0.875
vt 1.257813 0
vt 0.7578125 -0.875
vt 0.53125 -2.25
vt 0.53125 0
vt 0.28125 -2.25
vt 0.25 -0.25
vt 0 -0.25
vt 0.78125 -2.375
vt 0.78125 0
vt 0.53125 -2.375
vt 0.875 -2.5
vt 0.875 0
vt 0.8125 -2.5
vt 0.6875 -2.5
vt 0.6875 0
vt 0.5625 -2.5
vt 2.28125 -2.5
vt 2.28125 0
vt 0.53125 -2.5
vt 1.617188 -0.5
vt 1.617188 0
vt 1.054688 0
vt 1.054688 -0.5
vt 2.867188 -1
vt 2.867188 -0.5
vt 2.867188 -0.5625
vt 2.867188 0
vt 0.1171875 -0.5625
vt 1.226563 -0.625
vt 1.226563 0
vt 0.515625 -0.625
vt 0.6015625 -0.375
vt 0.6015625 0
vt 1.640625 -0.125
vt 1.640625 0
vt 0.640625 -0.125
vt 2.390625 -0.125
vt 2.390625 0
vt 1.070313 -0.75
vt 0.28125 -0.75
vt 1.351563 -0.25
vt 1.351563 0
vt 0.6015625 -0.25
vt 0.5 -0.125
vt 0.6171875 -2.5
vt 0.3671875 -2.5
vt 1.414063 -0.5
vt 1.414063 0
vt 4.5 -0.5
vt 4.5 0
vt 0.7578125 -0.5
vt 0.28125 -2.5
vt 0.03125 -2.5
vt 0.5 -0.25
vt 1.5 -0.5
vt 0.71875 -2.5
vt 0.71875 0
vt 5.78125 -1
vt 5.78125 0
vt 2.53125 0
vt 2.53125 -1
vt 1.007813 -2.5
vt 1.007813 0
vt 0.8671875 -2.5
vt 1.078125 -2.5
vt 1.078125 0
vt 0.9375 0
vt 0.9375 -2.5
vt 0.0546875 0
vt 0.0546875 -2.5
vt 1.0625 -2.5
vt 1.0625 0
vt 0.9765625 -2.5
vt 0.9765625 0
vt 0.8203125 -2.5
vt 0.6953125 0
vt 0.6953125 -2.5
vt 2.53125 -2.5
vt 1.914063 -2.5
vt 1.914063 0
vt 0.1640625 0
vt 0.1640625 -2.5
vt 0.3671875 -2.25
vt 0.1171875 -2.25
vt 0.6171875 -2.125
vt 0.3671875 -2.125
vt 0.84375 -2
vt 0.84375 0
vt 0.28125 -2
vt 1.617188 -2
vt 0.6171875 -2
vt 1.375 -2
vt 1.375 0
vt 0.375 0
vt 0.375 -2
vt 1.117188 -2
vt 4.164063 -2
vt 4.164063 0
vt 0.9140625 0
vt 0.9140625 -2
vt 2.046875 -2
vt 2.046875 0
vt 1.046875 -2
vt 1.625 -2
vt 1.625 0
vt 0.8359375 0
vt 0.8359375 -2
vt 1.414063 -2
vt 0.703125 0
vt 0.703125 -2
vt 9.375 -2
vt 9.375 0
vt 0.875 -2
vt 1.773438 -2
vt 1.773438 0
vt 0.7734375 0
vt 0.7734375 -2
vt 1.5625 -2.285714
vt 1.0625 -1.5
vt 0.3125 -1.714286
vt 2 -0.4642857
vt 0 -1.035714
vt 1.375 -1
vt 1.375 -0.5
vt 2.125 -1
vt 2.125 -0.8125
vt 2.25 -0.8125
vt 0.5 -0.9375
vt 0 -0.9375
vt 0.25 -0.9375
vt 0.75 -0.6875
vt 0.25 -0.6875
vt 0.5 -0.6875
vt 0 -0.6875
vt 1 -0.5625
vt 0 -0.5625
vt 0.75 -0.5625
vt 0.5 -0.5625
vt 0.9140625 -1
vt 0.9140625 -0.5625
vt 0.1640625 -0.5625
vt 0.1640625 -1
vt 0 -0.875
vt 0.625 -1
vt 0.625 -0.875
vt 0.5 -0.875
vt 1.625 -1
vt 1.625 -0.5625
vt 2.375 -1
vt 2.375 -0.5
vt 1.265625 -1
vt 1.265625 -0.5
vt 1.992188 -1
vt 1.992188 -0.5
vt 0.9921875 -0.5
vt 0.9921875 -1
vt 0.125 -1
vt 0.125 -0.8125
vt 2 -0.8125
vt 2.125 -0.5
vt 1 -0.8125
vt 0.75 -0.8125
vt 1.25 -0.8125
vt 0.75 -1.125
vt 0 -1.125
vt 1.25 -1.125
vt 0.5 -1.125
vt 3 -0.125
vt 3 0
vt 2 -0.125
vt 1 -1.125
vt 1 -0.125
vt 0.25 -1.125
vt 0.7578125 -1.125
vt 0.5078125 0
vt 0.5078125 -1.125
vt 2 -1.5
vt 1.25 -1.5
vt 0.25 -1.5
vt 2.75 -1
vt 2.75 -0.5
vt 4.5 -1
vt 3.5 -0.5
vt 3.5 -1
vt 4.5 -0.1875
vt 3.5 -0.1875
vt 2.25 -1.5
vt 0.9140625 -1.5
vt 0.1640625 -1.5
vt 1.75 -0.5
vt 1.75 -1
vt 2.75 -0.1875
vt 2.75 0
vt 1.75 -0.1875
vt 1 -1.625
vt 0.75 -1.625
vt 0.28125 -1.625
vt 0.03125 -1.625
vt 1.210938 -1.75
vt 1.210938 0
vt 0.5 -1.75
vt 1.414063 -0.125
vt 1.8125 -1.875
vt 1.8125 0
vt 0.75 -1.875
vt 2.085938 -1.875
vt 2.085938 0
vt 0.8359375 -1.875
vt 0.9140625 -1.625
vt 0.203125 0
vt 0.203125 -1.625
vt 0 -1.625
vt 0.5 -1.625
vt 0.25 -1.625
vt 1.132813 -1.625
vt 1.132813 0
vt 0.8828125 0
vt 0.8828125 -1.625
vt 1.632813 -1
vt 1.632813 -0.25
vt 0.8828125 -0.25
vt 0.8828125 -1
vt 1.632813 -0.125
vt 1.632813 0
vt 0.8828125 -0.125
vt 1.25 -2.5
vt 0.75 -2.5
vt 0.5 -2.5
vt 1.367188 -2.5
vt 1.367188 0
vt 1.039063 -2.5
vt 1.039063 0
vt 0.25 -2.5
vt 0.53125 -0.875
vt 0.7109375 -0.625
vt 0.7109375 0
vt 0 -0.625
vt 1 -0.625
vt 0.5 -0.625
vt 1.234375 -0.875
vt 1.234375 0
vt 1.90625 -0.875
vt 0.1015625 -0.875
vt 0.90625 -0.875
vt 0.90625 0
vt 0.25 -0.875
vt 0.265625 -0.875
vt 0.265625 0
vt 0.0859375 0
vt 0.0859375 -0.875
vt 0.328125 -0.875
vt 0.328125 0
vt 0.2578125 -0.875
vt 0.1328125 -0.875
vt 0.1328125 0
vt 0.0625 -0.875
vt 0.421875 -0.875
vt 0.421875 0
vt 0.3203125 0
vt 0.3203125 -0.875
vt 0.75 -0.375
vt 0.75 -0.25
vt 1.015625 -2.5
vt 1.015625 0
vt 0.5703125 -2.5
vt 1.570313 -2.5
vt 1.570313 0
vt 0.953125 0
vt 0.953125 -2.5
vt 1.257813 -2.5
vt 0.578125 -2.5
vt 0.578125 0
vt 0.015625 0
vt 0.015625 -2.5
vt 3.75 -1
vt 3.75 0
vt 0.9140625 -0.125
vt 0.4765625 0
vt 0.4765625 -0.125
vt 0.96875 -0.125
vt 0.96875 0
vt 0.1171875 -0.125
vt 0.984375 -2.5
vt 0.984375 0
vt 0.4609375 0
vt 0.4609375 -2.5
vt 0.625 -0.125
vt 0.625 0
vt 0.484375 0
vt 0.484375 -0.125
vt 0.3984375 -0.125
vt 0.3984375 0
vt 0.3125 -0.125
vt 0.3671875 -0.125
vt 0.2265625 0
vt 0.2265625 -0.125
vt 1.75 -2.5
vt 1.5 -2.5
vt 1 -2.5
vt 2 -2.5
vt 1.773438 -2.5
vt 1.273438 0
vt 1.273438 -2.5
vt 1.03125 -1.5
vt 1.03125 0
vt 0.78125 -1.5
vt 2.5 -1
vt 2.5 -0.5
vt 2.5 -0.125
vt 2.5 0
vt 0.78125 -1.375
vt 0.53125 -1.375
vt 0.5 -1.375
vt 0.25 -1.375
vt 1.085938 -2
vt 1.085938 0
vt 0.3359375 0
vt 0.3359375 -2
vt 1.25 -0.125
vt 1.335938 -2.125
vt 1.335938 0
vt 0.5859375 0
vt 0.5859375 -2.125
vt 1.585938 -2.25
vt 1.585938 0
vt 0.8359375 -2.25
vt 0.8359375 -2.375
vt 0.3359375 -2.375
vt 1.25 -2.375
vt 0.984375 -2.375
vt 1 -1.4375
vt 0 -1.4375
vt 1.5 -1.5
vt 0.375 -1.5
vt 0.25 -0.75
vt 0 -0.75
vt 0.75 -0.75
vt 1.90625 -1
vt 1.90625 -0.5
vt 1.90625 -1.3125
vt 0 -1.3125
vt 2.25 -1.3125
vt 1.25 -2.9375
vt 0 -2.9375
vt 0.5 -2.9375
vt 0.75 -2.9375
vt 1 -1.3125
vt 1 2.537653E-16
vt 0 -0.3125
vt 1.578125 -1
vt 1.578125 -0.5
vt 1.578125 -1.3125
vt 1.578125 0
vt 1.765625 -1.3125
vt 5 -2.9375
vt 5 0
vt 0.25 -2.9375
vt 1.035503 -2
vt 1.035503 0
vt 0.4674556 0
vt 0.4674556 -2
vt 3.5 -1.25
vt 2.25 -1.25
vt 3.25 -1.25
vt 2 -1.25
vt 3.527344 -2.5
vt 3.527344 0
vt 3.039063 0
vt 3.039063 -2.5
vt 8.78125 0
vt 8.78125 2.5
vt 8.375 -2.5
vt 8.375 0
vt 2.582031 -2.5
vt 2.582031 0
vt 0.375 -2.5
vt 1.074219 -2.5
vt 1.074219 0
vt 0.5078125 -2.5
vt 1.183594 -2.5
vt 1.183594 0
vt 0.4023438 0
vt 0.4023438 -2.5
vt 0.7070313 -0.0625
vt 0.7070313 0
vt 0 -0.0625
vt 1.777344 -1.875
vt 1.777344 0
vt 0 -1.875
vt 0.375 -0.21875
vt 0.25 -0.21875
vt 0.125 -0.21875
vt 0.125 0
vt 0 -0.21875
vt 0.875 -0.0625
vt 0.6875 -0.125
vt 0.6875 -0.21875
vt 0.3125 -0.21875
vt 0.390625 0
vt 0.390625 -0.125
vt 1.265625 -0.125
vt 0.1875 0
vt 0.1875 -0.125
vt 1.0625 -0.125
vt 0.4375 0
vt 0.0625 -0.125
vt 0.4375 -0.125
vt 0.4375 -0.21875
vt 0.0625 -0.21875
vt 1.3125 -0.125
vt 0.375 -0.125
vt 0.7617188 0
vt 0.3867188 0
vt 0.3867188 -0.125
vt 0.7617188 -0.125
vt 1.386719 0
vt 0.5117188 0
vt 0.5117188 -0.125
vt 1.386719 -0.125
vt 1.011719 0
vt 0.6367188 0
vt 0.6367188 -0.125
vt 1.011719 -0.125
vt 0.25 -0.15625
vt 0.125 -0.15625
vt 0.5 -0.15625
vt 0.375 -0.15625
vt 0.125 -0.09375
vt 0 -0.09375
vt 0.375 -0.09375
vt 0.25 -0.09375
vt 0.625 -0.09375
vt 0.5 -0.09375
vt 3.75 -11.875
vt 1.875 0
vt 1.875 -11.875
vt 2.984375 -11.875
vt 2.984375 0
vt 1.109375 0
vt 1.109375 -11.875
vt 2.21875 -11.875
vt 2.21875 0
vt 0.34375 0
vt 0.34375 -11.875
vt 4.09375 -11.875
vt 4.09375 0
vt 3.328125 -11.875
vt 3.328125 0
vt 1.453125 0
vt 1.453125 -11.875
vt 2.5625 -11.875
vt 2.5625 0
vt 0.6875 -11.875
vt 4.4375 -11.875
vt 4.4375 0
vt 0 -11.875
vt 0.09375 -1.1875
vt 0.09375 0
vt 0 -1.1875
vt 1.5 15
vt 2 15
vt 2 18
vt 1.5 18
vt -3 1
vt -3 -4.5
vt -1.5 -4.5
vt -1.5 -1
vt -1.5 1
vt -2 -1
vt -1.5 -2.5
vt -2 -2.5
vt -19.5 5
vt -15.5 5
vt -15.5 8
vt -19.5 8
vt -8 4
vt -8 3
vt -4 3
vt -4 4
vt -15.5 3
vt -11.5 3
vt -11.5 4
vt -15.5 4
vt -15.5 13
vt -11 12
vt -10.5 13.5
vt -14.5 16
vt -8.5 15
vt -7.5 15
vt -7.5 18.5
vt -10 18.5
vt -9.5 14.5
vt -12.5 17.5
vt -15.5 9
vt -11 9
vt -6 15
vt -6 18.5
vt -4 15
vt -4 18.5
vt -6.5 11.5
vt -5.5 11.5
vt -5.5 12.5
vt -6.5 12.5
vt -11 -2
vt -10 -2
vt -10 -1.5
vt -11 -1.5
vt -14 -9
vt -12 -9
vt -12 -8
vt -14 -8
vt 8.5 -15
vt 11 -13
vt 15.75 -9
vt 5 -14
vt -1 -12
vt -12 -14.25
vt -8.75 -15.25
vt -1.75 -12.25
vt -15.5 -11.25
vt -15.5 -9
vt 13 11
vt 13 10.5
vt 16 10.5
vt 16 11
vt 2.5 4
vt 2.5 2.5
vt 6.5 2.5
vt 6.5 4
vt -11 10
vt -10 9
vt -10 10
vt -11 11
vt -10 11
vt -9 9
vt -9 10
vt -9 11
vt -8 9
vt -8 10
vt -4 14
vt -4 13
vt -3 13
vt -3 14
vt 13 10
vt 16 10
vt 13 9.5
vt 16 9.5
vt 12.5 10
vt 12.5 11
vt 12.5 9.5
vt 13 18.5
vt 13 15
vt 13.5 15
vt 13.5 18.5
vt 2.5 15
vt 2.5 18
vt 3 15
vt 3 18
vt 21 18.5
vt 21 22
vt 13.5 20
vt 13.5 13.5
vt 19 13.5
vt 21 13.5
vt 3.5 11
vt 16.5 12
vt 1.5 13
vt 4 18
vt 4 22
vt 7 20
vt 17.5 13
vt 7 13.5
vt -7.5 -5.5
vt -6.5 -5.5
vt -6.5 -4.5
vt -7.5 -4.5
vt -12 -2
vt -12 -1.5
vt -8.75 -7.5
vt -6 -7.5
vt -6 -6
vt -4.5 -5.5
vt -4.5 -3
vt -8.75 -3
vt -4.5 -6
vt -12 -3
vt -12 -3.5
vt -11 -3.5
vt -11 -3
vt -4.5 -2
vt -9.75 -7.5
vt -9.75 -3
vt -11 -2.5
vt -10 -2.5
vt -9.75 -2
vt -8.75 2
vt -9.75 2
vt -8.75 -2
vt -12 -2.5
vt -13 -2
vt -13 -3
vt -13 -6
vt -13 -7.5
vt -14.5 -4
vt -14.5 -6
vt -13 -4
vt -13 0
vt -14.5 2
vt -14.5 0
vt -4.5 2
vt -19 -9
vt -19.5 -9
vt -19.5 -22
vt -19 -21.5
vt 18.5 -9
vt 18 -9
vt 18 -21.5
vt 18.5 -22
vt -7 -9
vt -5 -9
vt -5 -8
vt -7 -8
vt -10.5 -9
vt -8.5 -9
vt -8.5 -8
vt -10.5 -8
vt -10.5 3
vt -9 3
vt -9 4
vt -10.5 4
vt 0 -4.5
vt 0 1
vt -1 -2.5
vt -1 -1
vt -3.5 -6
vt -3.5 3
vt -5 -7
vt -3.5 -7
vt -15.5 -1
vt -14 -1
vt -14 -3
vt -14 -7
vt -15.5 -3
vt -15.5 -7
vt -3.5 -4.5
vt -3.5 1
vt 2.5 1.5
vt 2.5 1
vt 6.5 1
vt 6.5 1.5
vt 1.5 -5.5
vt 2.5 -6.5
vt 4.5 -4.5
vt 3.5 -3.5
vt 4 -8
vt 6.5 -8
vt 6.5 -5.5
vt 5.5 -5.5
vt 0.5 -4.5
vt 2 1
vt 2 -2
vt 8.875 -0.625
vt 8.9375 -0.5
vt 9 -0.3125
vt 8.625 -0.875
vt 8.5 -0.9375
vt 8.3125 -1
vt 2.75 -2.75
vt 9 1
vt 17 -2
vt 18 -2
vt 18 0
vt 16.5 -4.5
vt 17 -3
vt 16 -5.5
vt 14.5 -7
vt 13.5 -7.5
vt 12.5 -7.833328
vt 12.5 -6.125
vt 11.875 -5.5
vt 15.5 2
vt 9 2
vt 15.5 1
vt 17 0
vt 17 1
vt 12.375 -5.875
vt 12.125 -5.625
vt 6.5 2
vt 2.5 2
vt 8 -8
vt 8 -5.5
vt 9.5 -8
vt 9.5 -5.5
vt 11 -8
vt 11 -5.5
vt 12 -8
vt 8.5 19.5
vt 8.5 19
vt 12 19
vt 12 19.5
vt 8.5 14.5
vt 8.5 14
vt 12 14
vt 12 14.5
vt 21.5 10
vt 23 10
vt 23 11.5
vt 21.5 11.5
vt -4 20.5
vt 1.5 18.5
vt 1.5 20.5
vt -6 20.5
vt -17.5 9
vt -17.5 13.5
vt -16 17
vt -13.5 19.5
vt -10.5 20.5
vt 8.5 15
vt 12 15
vt 12 18.5
vt 8.5 18.5
vt 8 18.5
vt 8 15
vt 29.5 10
vt 31 10
vt 31 11.5
vt 29.5 11.5
vt 8.25 14.25
vt 8.5 14.25
vt 8.103547 14.60355
vt 8.103547 13.89645
vt 8.5 13.5
vt 7.75 14.75
vt 7.75 13.75
vt 7 15
vt 7.396453 14.60355
vt 7.396453 13.89645
vt 7.25 14.25
vt 7 1
vt 8.5 1
vt 8.5 1.5
vt 7 1.5
vt 13.25 14.25
vt 13.5 14.25
vt 13.10355 14.60355
vt 13.10355 13.89645
vt 12.75 14.75
vt 12.75 13.75
vt 12 13.5
vt 12.39645 14.60355
vt 12.39645 13.89645
vt 12.25 14.25
vt 8.25 19.25
vt 8.5 19.25
vt 8.5 20
vt 8.103547 19.60355
vt 8.103547 18.89645
vt 7.75 19.75
vt 7.75 18.75
vt 7 18.5
vt 7.396453 19.60355
vt 7.396453 18.89645
vt 7.25 19.25
vt 13.25 19.25
vt 13.5 19.25
vt 13.10355 19.60355
vt 13.10355 18.89645
vt 12.75 19.75
vt 12.75 18.75
vt 12 20
vt 12.39645 19.60355
vt 12.39645 18.89645
vt 12.25 19.25
vt 7.5 15
vt 7.5 18.5
vt 12.5 15
vt 12.5 18.5
vt 23.5 10
vt 23.5 11.5
vt 21.5 7.5
vt 23 7.5
vt 23 9
vt 21.5 9
vt 23.5 7.5
vt 23.5 9
vt 21.5 5
vt 23 5
vt 23 6.5
vt 21.5 6.5
vt 23.5 5
vt 23.5 6.5
vt 21.5 2.5
vt 23 2.5
vt 23 4
vt 21.5 4
vt 23.5 2.5
vt 23.5 4
vt -2.5 3.5
vt 0 4
vt 0 3.5
vt -2.5 4
vt -1.5 9
vt -1.125 8.875
vt -0.75 8.625
vt -0.25 8.25
vt 1 7
vt 1 4
vt -55 60
vt -50 55
vt -55 55
vt -50 60
vt 79.375 20
vt 97.5 45
vt 97.5 20
vt 45 15
vt 77.5 18.125
vt 77.5 15
vt 45 16.25
vt 40 35
vt 41.25 20
vt 40 20
vt -40 50
vt -7.5 45
vt -40 45
vt -45 55
vt -45 50
vt -52.5 67.5
vt -47.5 72.5
vt -42.5 75
vt -20 75
vt 7.5 92.5
vt -20 92.5
vt 7.5 70
vt -20 70
vt -15 65
vt -15 70
vt 7.5 65
vt 62.5 47.5
vt 17.5 55
vt 62.5 55
vt 80 45
vt 80 47.5
vt 27.5 45
vt 26.8593 46.97852
vt 12.5 50
vt 17.41195 50.19805
vt 14.70992 49.91367
vt 9.589297 51.10633
vt 7.5 52.5
vt 5 55
vt 3.743672 56.51469
vt -27.5 57.5
vt -16.14477 58.96906
vt -17.5 57.5
vt -27.5 62.5
vt -19.47555 55.03773
vt -32.5 57.5
vt -7.996875 49.70641
vt -12.95219 47.65609
vt -10.63273 48.65836
vt -5 50
vt -2.014141 49.29
vt 0.6032031 48.04047
vt 2.918984 46.5207
vt 5 45
vt 6.87875 43.22281
vt 8.103437 41.60688
vt 26.69133 43.46625
vt 78.125 19.375
vt 44.6875 17.5
vt 42.5 19.6875
vt 25.00875 48.67836
vt 20.15805 50.38344
vt 2.209453 58.30719
vt -14.47641 60.45726
vt -20 52.5
vt -15 47.5
vt 10 40
vt 24.78078 41.59977
vt 43.75 18.75
vt 22.5 50
vt 0 60
vt -12.44492 61.71695
vt -19.135 50.50125
vt 12.46586 38.50891
vt -2.192656 61.11734
vt -10 62.5
vt -17.36828 48.68227
vt 14.81539 37.56422
vt -4.670703 62.05008
vt -7.313437 62.58273
vt -32.5 62.5
vt 22.27445 39.75008
vt 19.67883 38.26695
vt -20 65
vt 17.5 37.5
vt 5 35
vt -1.25 41.25
vt -3.75 43.125
vt -5.625 44.375
vt 8 7
vt 8 4
vt -20 9
vt -25 8
vt -20 8
vt -25 30
vt 3 20.5
vt 3 30
vt -20 7.5
vt -25.5 7.5
vt -25.5 30.5
vt 3 30.5
vt 0.4807813 56.48227
vt 1.831797 54.90375
vt 23.15726 43.50875
vt 24.79672 45.23312
vt 24.6632 44.97984
vt 20.90742 41.84828
vt 18.63516 40.54992
vt 17.10195 40.01023
vt 15.32789 40.05266
vt 13.58625 40.75289
vt 11.46406 42.03617
vt 9.929609 43.33633
vt 8.746563 44.89727
vt -14.50133 50.04523
vt -11.59062 50.96789
vt -13.55961 50.11703
vt -15.87117 50.72914
vt -17.02258 51.91453
vt -17.3918 52.76781
vt -17.14906 53.9425
vt -15.60398 55.8682
vt -14.38977 57.18445
vt -12.9743 58.44703
vt -11.38914 59.43
vt -9.571953 60.01203
vt -7.524687 60.07508
vt -5.3625 59.63922
vt -3.203672 58.82664
vt -1.338906 57.87641
vt 3.15 53.31445
vt 20.03867 47.86969
vt 14.79242 47.40852
vt 17.62703 47.70687
vt 21.69469 47.59859
vt 23.55648 46.61773
vt 24.68359 45.58242
vt 6.60289 46.925
vt -8.592266 52.16008
vt 11.99391 47.51789
vt -4.828047 52.52883
vt 8.437031 48.86984
vt 4.343203 48.57633
vt -1.177031 51.66063
vt 5.907031 50.55742
vt 1.833203 50.22351
vt 15.5 3
vt 9 3
vt 0 17.5
vt 0 20
vt -12.5 20
vt -77.5 45
vt -77.5 20
vt 5 20
vt -13.75 15
vt -13.75 13.75
vt -12.5 13.75
vt -12.5 15
vt 19.84375 5
vt 24.375 5
vt 24.375 11.25
vt 11.25 3.75
vt 19.375 3.75
vt 19.375 4.53125
vt 11.25 4.0625
vt 10 8.75
vt 10 5
vt 10.3125 5
vt -10 12.5
vt -10 11.25
vt -1.875 11.25
vt -11.25 13.75
vt -11.25 12.5
vt -13.125 16.875
vt -11.875 18.125
vt -10.625 18.75
vt -5 18.75
vt 1.875 23.125
vt -5 23.125
vt 1.875 17.5
vt -5 17.5
vt -3.75 17.5
vt -3.75 16.25
vt 1.875 16.25
vt 15.625 11.875
vt 15.625 13.75
vt 4.375 13.75
vt 20 11.25
vt 20 11.875
vt 6.875 11.25
vt 6.714824 11.74463
vt 3.125 12.5
vt 3.67748 12.47842
vt 4.352988 12.54951
vt 2.397324 12.77658
vt 1.875 13.125
vt 1.25 13.75
vt 0.935918 14.12867
vt -6.875 14.375
vt -4.375 14.375
vt -4.036191 14.74227
vt -6.875 15.625
vt -4.868887 13.75943
vt -8.125 14.375
vt -1.999219 12.4266
vt -2.658184 12.16459
vt -3.238047 11.91402
vt -1.25 12.5
vt -0.5035352 12.3225
vt 0.1508008 12.01012
vt 0.7297461 11.63018
vt 1.25 11.25
vt 1.719687 10.8057
vt 2.025859 10.40172
vt 6.672832 10.86656
vt 19.53125 4.84375
vt 11.17188 4.375
vt 10.625 4.921875
vt 6.252188 12.16959
vt 5.039512 12.59586
vt 0.5523633 14.5768
vt -3.619102 15.11432
vt -5 13.125
vt -3.75 11.875
vt 2.5 10
vt 6.195195 10.39994
vt 10.9375 4.6875
vt 5.625 12.5
vt 0 15
vt -3.11123 15.42924
vt -4.78375 12.62531
vt 3.116465 9.627227
vt -0.5481641 15.27934
vt -2.5 15.625
vt -4.34207 12.17057
vt 3.703848 9.391055
vt -1.167676 15.51252
vt -1.828359 15.64568
vt -8.125 15.625
vt 5.568613 9.937519
vt 4.919707 9.566738
vt -5 16.25
vt 4.375 9.375
vt 1.25 8.75
vt -0.3125 10.3125
vt -0.9375 10.78125
vt -1.40625 11.09375
vt -5 2.25
vt -4.375 2.25
vt -4.375 3.375
vt -6.25 2
vt -5 2
vt -6.25 7.5
vt 0.75 5.125
vt 0.75 7.5
vt -2.625 5.125
vt -4 4.25
vt -3.375 4.875
vt -5 1.875
vt -6.375 1.875
vt 0.75 7.625
vt -6.375 7.625
vt 0.1201953 14.12057
vt 0.4579492 13.72594
vt -0.3347266 14.4691
vt -0.800918 14.70666
vt -1.340625 14.9098
vt -1.881172 15.01877
vt -2.392988 15.00301
vt -2.847285 14.8575
vt -3.243574 14.61176
vt -3.597441 14.29611
vt -3.900996 13.96705
vt -4.287266 13.48563
vt -4.347949 13.19195
vt -4.255644 12.97863
vt -3.967793 12.68229
vt -3.625332 12.51131
vt -3.389902 12.52926
vt -2.897656 12.74197
vt -2.148067 13.04002
vt -1.207012 13.13221
vt -0.2942578 12.91516
vt 0.4583008 12.55588
vt 1.085801 12.14408
vt 1.650723 11.73125
vt 2.186641 11.22432
vt 2.482402 10.83408
vt 2.866016 10.50904
vt 3.396563 10.18822
vt 3.831973 10.01316
vt 4.275488 10.00256
vt 4.658789 10.13748
vt 5.226855 10.46207
vt 5.789316 10.87719
vt 6.165801 11.24496
vt 6.19918 11.30828
vt 6.170898 11.39561
vt 5.889121 11.65443
vt 5.423672 11.89965
vt 5.009668 11.96742
vt 4.406758 11.92672
vt 3.698106 11.85213
vt 2.998477 11.87947
vt 2.109258 12.21746
vt 1.476758 12.63936
vt 0.7875 13.32861
mtllib MAP01_MAP01.mtl
usemtl Default
f 1/1/1 2/2/1 3/3/1 4/4/1
f 5/1/1 6/2/1 7/3/1 8/4/1
f 9/5/2 10/6/2 11/7/2 12/8/2
f 12/9/1 11/10/1 13/7/1 14/8/1
f 14/5/3 13/6/3 15/7/3 16/8/3
f 17/11/4 18/12/4 19/13/4 20/8/4
f 21/14/1 22/15/1 23/13/1 24/8/1
f 20/16/2 19/17/2 22/13/2 21/8/2
usemtl STARTAN2
f 25/18/4 26/19/4 27/20/4 28/21/4
f 29/22/1 30/23/1 31/24/1 32/25/1
f 32/26/3 33/27/3 34/24/3 25/28/3
f 35/29/1 36/30/1 37/23/1 38/31/1
f 39/29/4 40/30/4 41/23/4 42/31/4
f 43/32/3 44/3/3 45/24/3 46/8/3
f 46/31/1 45/23/1 47/24/1 48/8/1
f 49/31/4 50/23/4 44/24/4 43/8/4
f 51/33/2 52/27/2 53/24/2 54/8/2
f 55/34/4 56/35/4 52/36/4 51/37/4
f 54/38/1 53/39/1 57/24/1 58/8/1
f 59/40/2 60/41/2 61/42/2 62/43/2
f 63/37/3 64/36/3 65/44/3 66/45/3
f 67/46/3 68/19/3 69/47/3 70/48/3
f 71/49/2 72/50/2 73/3/2 74/32/2
f 75/51/5 76/52/5 77/53/5 78/54/5
f 79/55/5 80/56/5 81/57/5 82/58/5
f 78/59/5 77/60/5 83/61/5 84/62/5
f 82/63/5 81/64/5 85/65/5 86/66/5
f 86/67/6 85/68/6 87/24/6 88/28/6
f 89/69/4 90/70/4 91/71/4 92/72/4
f 93/70/4 94/73/4 95/74/4 96/71/4
f 96/75/7 97/76/7 98/24/7 99/28/7
f 100/77/8 101/78/8 76/79/8 75/80/8
f 102/81/8 103/82/8 80/83/8 104/84/8
f 104/85/9 79/86/9 105/24/9 106/28/9
f 84/49/2 83/87/2 107/88/2 108/32/2
f 109/89/1 110/90/1 111/91/1 112/92/1
f 108/93/2 107/94/2 113/88/2 114/32/2
f 115/95/10 102/96/10 116/24/10 117/28/10
f 92/97/11 91/98/11 101/99/11 100/100/11
f 97/101/12 95/102/12 103/103/12 115/104/12
f 118/105/4 119/106/4 90/107/4 89/108/4
f 120/109/4 121/20/4 94/110/4 122/111/4
f 122/112/2 93/113/2 123/24/2 124/28/2
f 125/114/4 126/115/4 119/106/4 118/105/4
f 127/116/4 128/117/4 121/118/4 129/119/4
f 129/112/2 120/113/2 130/24/2 131/28/2
f 132/120/2 133/41/2 134/42/2 135/121/2
f 136/122/3 137/20/3 138/123/3 139/124/3
f 140/125/1 141/126/1 142/127/1 143/8/1
f 144/126/3 145/128/3 146/24/3 147/127/3
f 148/126/2 149/128/2 150/23/2 151/129/2
f 152/130/2 153/131/2 149/132/2 148/133/2
f 145/29/4 154/134/4 155/135/4 150/8/4
f 156/136/4 144/30/4 151/24/4 157/137/4
f 158/138/4 159/3/4 154/24/4 156/139/4
f 160/29/4 161/134/4 159/135/4 162/8/4
f 163/136/4 164/30/4 165/24/4 158/137/4
f 166/138/4 167/3/4 161/24/4 163/139/4
f 168/29/4 169/134/4 167/135/4 170/8/4
f 171/136/4 172/30/4 173/24/4 166/137/4
f 174/140/13 175/141/13 169/24/13 171/139/13
f 157/142/4 155/113/4 176/30/4 177/143/4
f 58/144/2 178/128/2 179/24/2 71/139/2
f 180/145/1 181/47/1 182/110/1 59/146/1
f 72/38/1 179/147/1 183/135/1 69/8/1
f 60/38/1 182/147/1 184/135/1 65/8/1
f 185/148/3 186/149/3 187/150/3 188/151/3
f 56/38/2 189/147/2 178/152/2 57/125/2
f 66/153/1 184/154/1 190/155/1 191/156/1
f 191/120/2 190/41/2 192/157/2 193/158/2
f 193/159/1 192/160/1 186/42/1 185/121/1
f 188/120/1 187/41/1 194/42/1 195/121/1
f 110/161/2 113/36/2 189/44/2 55/162/2
f 196/163/1 197/164/1 181/165/1 198/48/1
f 70/145/1 183/47/1 197/110/1 199/146/1
f 200/166/2 201/167/2 202/28/2
f 203/168/3 204/57/3 205/169/3 206/170/3
f 206/171/4 207/2/4 201/3/4 200/172/4
f 208/173/2 209/155/2 210/42/2 211/174/2
f 212/175/3 213/176/3 214/83/3 215/177/3
f 216/178/2 217/179/2 218/65/2 219/180/2
f 220/181/2 87/182/2 217/179/2 221/183/2
f 222/184/3 223/185/3 204/57/3 224/186/3
f 224/26/4 203/27/4 202/24/4 225/28/4
f 225/187/2 202/166/2 226/188/2
f 227/26/4 222/27/4 226/24/4 228/28/4
f 229/189/3 230/190/3 223/185/3 227/191/3
f 228/166/2 226/23/2 231/24/2 232/28/2
f 233/192/1 234/193/1 235/155/1 236/194/1
f 237/195/2 238/196/2 239/41/2 132/197/2
f 240/198/4 241/199/4 242/185/4 243/200/4
f 244/201/14 98/202/14 117/203/14 245/204/14
f 246/205/4 247/206/4 126/107/4 125/108/4
f 248/207/4 249/208/4 128/110/4 250/209/4
f 245/210/15 116/211/15 106/83/15 251/212/15
f 252/213/4 123/214/4 99/103/4 244/104/4
f 253/215/4 254/216/4 131/74/4 255/217/4
f 250/218/2 127/219/2 254/74/2 253/217/2
f 251/220/5 105/56/5 88/57/5 220/221/5
f 255/222/4 130/223/4 124/214/4 252/224/4
f 256/225/3 257/128/3 258/24/3 259/28/3
f 259/225/1 258/128/1 260/24/1 261/28/1
f 261/225/2 260/128/2 262/24/2 263/28/2
f 263/225/4 262/128/4 257/24/4 256/28/4
f 264/226/3 27/47/3 247/123/3 248/227/3
f 265/26/3 29/27/3 28/24/3 264/28/3
f 266/228/16 267/229/16 268/24/16 269/135/16
f 270/230/4 271/231/4 267/24/4 266/135/4
f 272/152/4 273/128/4 274/24/4 275/135/4
f 275/232/3 274/179/3 276/65/3 277/61/3
f 277/152/1 276/128/1 278/24/1 279/135/1
f 279/134/2 278/30/2 273/128/2 272/152/2
f 280/187/4 231/23/4 281/24/4 282/188/4
f 282/187/3 281/23/3 283/24/3 284/188/3
f 285/26/4 229/27/4 232/24/4 280/28/4
f 243/233/3 242/57/3 230/169/3 285/234/3
f 284/152/3 283/235/3 271/24/3 270/135/3
f 269/236/3 268/27/3 30/128/3 265/152/3
f 286/237/17 287/238/17 288/41/17 289/197/17
f 133/239/1 239/240/1 290/241/1 138/242/1
f 291/243/18 292/244/18 293/20/18 294/245/18
f 294/246/19 293/247/19 234/248/19 233/249/19
f 139/227/3 290/123/3 292/250/3 291/251/3
f 295/194/20 296/155/20 238/196/20 237/195/20
f 297/252/1 298/253/1 299/248/1 300/249/1
f 289/254/21 288/255/21 296/149/21 295/256/21
f 300/256/22 299/149/22 287/257/22 286/258/22
f 301/259/3 302/241/3 241/169/3 240/234/3
f 236/260/1 235/261/1 302/262/1 301/263/1
f 303/264/4 304/123/4 26/110/4 34/265/4
f 33/187/1 31/23/1 305/24/1 306/188/1
f 306/26/3 307/27/3 308/24/3 303/28/3
f 309/266/4 310/47/4 304/123/4 308/267/4
f 307/166/1 305/23/1 311/24/1 312/28/1
f 312/26/3 311/27/3 313/24/3 309/28/3
f 207/268/18 205/269/18 314/57/18 315/270/18
f 316/271/2 317/202/2 318/47/2 319/272/2
f 320/273/2 321/274/2 317/275/2 316/276/2
f 319/277/4 318/19/4 310/47/4 313/272/4
f 322/278/3 323/279/3 324/280/3 325/281/3
f 326/282/1 327/283/1 323/64/1 322/284/1
f 328/285/23 329/286/23 327/287/23 326/288/23
f 315/289/24 314/229/24 329/290/24 328/291/24
f 330/292/4 331/293/4 321/193/4 320/294/4
f 325/295/3 324/296/3 331/297/3 330/298/3
f 332/299/1 333/154/1 298/155/1 297/194/1
f 195/300/1 194/253/1 334/157/1 335/301/1
f 209/38/1 334/147/1 333/135/1 214/8/1
f 335/302/1 208/39/1 215/24/1 332/303/1
f 336/125/1 337/126/1 141/127/1 140/8/1
f 338/32/1 339/88/1 340/135/1 341/8/1
f 342/32/3 343/88/3 339/135/3 338/8/3
f 344/304/1 345/305/1 343/135/1 342/8/1
f 346/306/4 347/307/4 348/127/4 349/8/4
f 349/93/2 348/308/2 345/127/2 350/8/2
f 341/38/3 340/147/3 347/152/3 351/125/3
f 352/125/1 353/309/1 354/310/1 355/8/1
f 356/31/2 357/311/2 353/310/2 352/8/2
f 358/125/4 359/126/4 357/127/4 360/8/4
f 355/31/3 354/311/3 359/310/3 361/8/3
f 362/32/4 363/312/4 364/313/4 365/31/4
f 351/125/3 346/314/3 366/315/3 367/8/3
f 368/32/1 369/312/1 350/313/1 344/31/1
f 370/125/2 371/314/2 372/315/2 373/8/2
f 374/29/2 375/316/2 376/317/2 377/8/2
f 377/32/1 376/318/1 378/317/1 379/8/1
f 379/32/2 378/318/2 380/317/2 381/8/2
f 373/29/2 382/316/2 383/319/2 384/125/2
f 384/320/4 383/321/4 375/322/4 374/323/4
f 369/93/3 385/1/3 386/324/3 387/8/3
f 387/325/4 386/326/4 361/324/4 358/8/4
f 360/125/4 356/327/4 382/324/4 372/8/4
f 381/328/1 380/329/1 385/317/1 368/8/1
f 365/330/4 388/331/4 389/135/4 390/8/4
f 391/332/1 392/333/1 393/79/1 394/80/1
f 390/334/2 389/335/2 392/336/2 391/337/2
f 371/125/1 395/126/1 337/127/1 336/8/1
f 143/338/1 142/339/1 396/127/1 397/8/1
f 394/33/2 393/236/2 395/152/2 370/125/2
f 397/38/3 396/340/3 388/127/3 364/8/3
f 367/38/3 398/147/3 399/135/3 400/8/3
f 363/38/2 401/340/2 402/127/2 403/8/2
f 403/306/1 402/307/1 398/127/1 366/8/1
f 400/306/4 399/341/4 401/135/4 362/8/4
f 404/342/2 405/30/2 170/128/2 173/126/2
f 172/342/3 168/30/3 406/3/3 407/343/3
f 407/129/3 406/23/3 408/24/3 409/127/3
f 410/344/2 411/50/2 162/3/2 165/343/2
f 164/343/3 160/3/3 412/23/3 413/129/3
f 414/152/2 196/128/2 415/24/2 416/135/2
f 417/152/3 418/128/3 198/24/3 419/135/3
f 420/345/4 421/3/4 40/24/4 422/346/4
f 423/347/1 37/50/1 424/128/1 425/348/1
f 422/349/2 39/350/2 48/39/2 426/351/2
f 427/347/4 428/50/4 50/30/4 429/352/4
f 429/353/2 49/30/2 38/24/2 423/28/2
f 430/352/2 431/30/2 428/23/2 427/354/2
f 426/355/1 47/179/1 431/356/1 430/357/1
f 432/358/2 433/39/2 434/24/2 435/139/2
f 436/143/3 437/30/3 438/24/3 439/139/3
f 440/138/1 441/3/1 442/24/1 443/139/1
f 444/143/2 445/30/2 446/128/2 447/144/2
f 435/359/1 434/50/1 445/128/1 444/144/1
f 448/143/3 449/30/3 441/128/3 440/144/3
f 450/138/4 451/3/4 452/23/4 67/360/4
f 439/144/4 438/128/4 453/23/4 63/360/4
f 64/361/4 453/362/4 454/88/4 61/32/4
f 68/38/4 452/147/4 455/135/4 73/8/4
f 456/138/1 457/3/1 458/24/1 459/139/1
f 460/359/1 461/50/1 462/128/1 463/144/1
f 153/363/1 446/230/1 457/364/1 146/365/1
f 447/366/1 152/231/1 147/131/1 456/367/1
f 464/142/2 465/113/2 466/3/2 467/138/2
f 467/138/4 466/3/4 433/24/4 432/139/4
f 74/368/2 455/2/2 468/23/2 469/360/2
f 469/369/1 468/280/1 465/262/1 464/370/1
f 443/142/3 442/113/3 470/128/3 471/144/3
f 411/361/1 458/362/1 461/371/1 412/372/1
f 459/373/1 410/374/1 413/113/1 460/375/1
f 405/29/1 462/134/1 449/135/1 408/8/1
f 463/136/1 404/30/1 409/24/1 448/137/1
f 418/33/4 472/236/4 451/88/4 415/32/4
f 473/236/4 417/27/4 416/3/4 450/88/4
f 62/138/4 454/3/4 472/23/4 473/360/4
f 42/360/4 474/23/4 437/24/4 436/139/4
f 36/361/3 475/362/3 474/135/3 41/8/3
f 471/360/1 470/23/1 475/24/1 35/139/1
f 476/376/2 477/30/2 478/3/2 479/377/2
f 480/351/4 481/39/4 482/24/4 476/28/4
f 483/378/3 484/57/3 485/169/3 480/379/3
f 486/380/25 487/381/25 488/128/25 489/382/25
f 490/383/15 491/229/15 492/24/15 486/28/15
f 493/384/10 488/385/10 494/3/10 495/386/10
f 495/387/1 494/388/1 496/287/1 497/389/1
f 498/390/10 499/280/10 487/391/10 492/392/10
f 500/376/4 501/30/4 502/24/4 420/393/4
f 425/394/1 503/128/1 499/23/1 498/395/1
f 421/361/2 502/362/2 503/135/2 424/8/2
f 504/396/4 505/397/4 484/398/4 483/399/4
f 479/376/4 478/30/4 501/3/4 500/377/4
f 506/400/4 507/401/4 505/402/4 508/403/4
f 509/404/4 510/405/4 511/398/4 504/406/4
f 512/396/4 513/397/4 507/398/4 509/399/4
f 514/407/3 515/50/3 516/3/3 517/408/3
f 517/407/4 516/50/4 518/128/4 519/409/4
f 519/410/3 518/411/3 520/20/3 136/245/3
f 521/412/26 522/413/26 523/23/26 524/414/26
f 525/415/10 526/185/10 491/24/10 527/324/10
f 528/416/25 529/417/25 530/24/25 531/418/25
f 531/419/1 530/30/1 532/128/1 533/420/1
f 534/421/15 535/422/15 526/24/15 525/324/15
f 536/423/4 537/76/4 535/24/4 534/324/4
f 538/424/27 539/103/27 537/24/27 536/324/27
f 540/425/2 512/426/2 541/23/2 542/427/2
f 543/428/15 544/429/15 545/430/15 546/431/15
f 547/432/28 548/433/28 544/65/28 543/434/28
f 546/435/14 545/436/14 539/42/14 538/437/14
f 542/438/29 541/439/29 548/440/29 547/441/29
f 533/88/1 549/3/1 550/24/1 551/135/1
f 551/442/1 552/3/1 553/24/1 554/25/1
f 554/443/1 555/3/1 556/24/1 557/188/1
f 558/444/30 559/445/30 560/150/30 561/446/30
f 561/447/24 560/448/24 562/449/24 563/450/24
f 563/451/18 562/182/18 522/257/18 521/258/18
f 564/452/19 565/453/19 559/454/19 558/455/19
f 135/252/2 566/253/2 513/41/2 540/197/2
f 137/456/4 520/457/4 566/128/4 134/125/4
f 557/458/1 567/280/1 568/459/1 569/460/1
f 570/461/2 571/462/2 572/110/2 573/463/2
f 573/464/31 574/465/31 565/466/31 564/467/31
f 569/468/32 568/469/32 575/470/32 576/471/32
f 577/472/25 578/473/25 579/157/25 580/474/25
f 576/471/25 575/470/25 578/473/25 577/472/25
f 580/475/33 579/123/33 571/476/33 570/477/33
f 581/478/4 582/113/4 515/50/4 514/407/4
f 524/479/3 523/27/3 583/30/3 584/480/3
f 585/481/3 586/39/3 582/30/3 581/480/3
f 584/482/1 583/296/1 586/483/1 585/484/1
f 587/351/4 588/39/4 589/24/4 590/28/4
f 481/485/3 485/486/3 591/190/3 587/487/3
f 590/360/2 592/23/2 477/24/2 482/139/2
f 213/488/4 593/489/4 594/152/4 210/125/4
f 595/490/4 212/491/4 211/128/4 596/225/4
f 588/492/3 591/190/3 593/185/3 595/493/3
f 596/494/2 594/128/2 592/23/2 589/495/2
f 597/496/1 496/497/1 598/498/1 599/499/1
f 549/500/2 532/50/2 497/24/2 597/28/2
f 552/500/2 550/50/2 599/24/2 600/28/2
f 600/501/1 598/502/1 601/503/1 602/504/1
f 603/505/1 601/506/1 604/287/1 605/507/1
f 555/500/2 553/50/2 602/24/2 603/28/2
f 606/508/1 604/287/1 607/498/1 608/509/1
f 567/500/2 556/50/2 605/24/2 606/28/2
f 608/510/34 607/50/34 574/465/34 572/511/34
f 609/443/2 610/3/2 611/24/2 612/188/2
f 613/443/4 614/3/4 610/24/4 609/188/4
f 249/512/3 246/30/3 615/24/3 616/513/3
f 617/352/1 618/30/1 114/24/1 109/346/1
f 619/443/2 620/3/2 621/24/2 622/188/2
f 623/443/4 624/3/4 620/24/4 619/188/4
f 625/443/3 626/3/3 624/24/3 623/188/3
f 177/358/4 176/39/4 10/23/4 9/360/4
f 16/514/4 15/27/4 175/275/4 174/515/4
f 510/516/3 506/23/3 627/24/3 628/517/3
f 628/518/4 627/3/4 629/24/4 630/517/4
f 630/516/2 629/23/2 508/24/2 511/517/2
f 631/519/35 632/520/35 633/135/35 634/8/35
f 635/521/36 636/76/36 637/24/36 638/522/36
f 618/93/3 639/94/3 632/135/3 631/8/3
f 640/523/3 617/2/3 636/24/3 635/522/3
f 641/524/1 642/50/1 639/24/1 640/525/1
f 24/526/3 23/128/3 642/24/3 641/525/3
f 643/527/1 644/3/1 645/24/1 646/525/1
f 647/361/1 648/362/1 644/135/1 615/8/1
f 649/361/1 650/374/1 616/24/1 643/8/1
f 651/29/1 652/134/1 648/135/1 647/8/1
f 653/528/1 654/529/1 650/530/1 649/522/1
f 655/93/1 656/94/1 652/135/1 651/8/1
f 657/523/1 658/2/1 654/24/1 653/522/1
f 659/531/23 660/532/23 656/135/23 655/8/23
f 661/533/23 662/534/23 658/24/23 657/522/23
f 634/77/24 633/78/24 660/135/24 659/8/24
f 638/535/30 637/82/30 662/24/30 661/522/30
f 646/536/3 645/537/3 18/23/3 17/538/3
f 663/187/4 664/23/4 614/24/4 613/188/4
f 665/443/3 666/3/3 664/24/3 663/188/3
f 667/187/1 668/23/1 666/24/1 665/188/1
f 669/443/2 670/3/2 671/24/2 672/188/2
f 673/443/4 674/3/4 670/24/4 669/188/4
f 675/187/1 676/23/1 677/24/1 678/188/1
f 678/443/3 677/3/3 679/24/3 680/188/3
f 680/187/4 679/23/4 674/24/4 673/188/4
f 681/443/2 682/3/2 683/24/2 684/188/2
f 685/443/4 686/3/4 682/24/4 681/188/4
f 687/187/1 688/23/1 689/24/1 690/188/1
f 690/443/3 689/3/3 691/24/3 692/188/3
f 692/187/4 691/23/4 686/24/4 685/188/4
f 693/443/2 694/3/2 695/24/2 696/188/2
f 697/443/4 698/3/4 694/24/4 693/188/4
f 699/187/1 700/23/1 701/24/1 702/188/1
f 702/443/3 701/3/3 703/24/3 704/188/3
f 704/187/4 703/23/4 698/24/4 697/188/4
usemtl CRATE3
f 112/490/3 111/491/3 705/27/3 218/26/3
f 219/134/1 705/30/1 706/24/1 707/135/1
f 707/134/2 706/30/2 708/24/2 709/135/2
f 221/134/1 216/30/1 710/24/1 711/135/1
f 711/134/1 710/30/1 712/24/1 713/135/1
f 713/134/2 712/30/2 714/24/2 715/135/2
f 715/134/1 714/30/1 716/24/1 717/135/1
f 717/134/2 716/30/2 718/24/2 719/135/2
usemtl CRATE1
f 720/134/2 721/30/2 722/128/2 723/152/2
f 724/134/3 725/30/3 726/24/3 727/135/3
f 727/134/1 726/30/1 728/24/1 729/135/1
f 729/134/2 728/30/2 730/24/2 731/135/2
f 731/134/4 730/30/4 725/24/4 724/135/4
f 732/134/4 733/30/4 734/24/4 735/135/4
f 736/152/2 737/128/2 733/24/2 732/135/2
f 735/134/2 734/30/2 738/128/2 739/152/2
f 734/134/4 740/30/4 741/24/4 742/135/4
f 743/152/3 744/128/3 742/24/3 745/135/3
f 745/29/3 741/30/3 746/128/3 747/125/3
f 723/152/2 722/128/2 740/24/2 734/135/2
f 748/134/4 749/30/4 750/24/4 751/135/4
f 751/134/3 750/30/3 744/128/3 743/152/3
f 739/152/2 738/128/2 749/24/2 748/135/2
f 747/125/3 746/128/3 752/24/3 753/8/3
f 753/29/1 752/30/1 721/24/1 754/8/1
f 754/134/1 720/30/1 755/24/1 756/135/1
f 756/152/2 755/128/2 737/24/2 736/135/2
usemtl TEXTURAC
f 199/539/1 414/540/1 419/541/1 180/542/1
usemtl TEXTURAL
f 709/543/1 708/131/1 757/2/1 758/544/1
f 758/545/1 757/132/1 759/39/1 718/546/1
f 760/547/37 761/548/37 762/549/37 763/550/37
f 764/551/1 765/552/1 766/169/1
f 719/553/1 759/554/1 761/23/1 760/414/1
f 767/555/25 768/556/25 765/275/25 764/557/25
f 763/558/38 762/559/38 769/356/38 770/560/38
f 770/561/39 769/562/39 768/563/39 767/564/39
f 529/565/15 771/566/15 489/24/15 493/567/15
f 527/568/10 490/569/10 771/24/10 528/570/10
usemtl TEXTURAD
f 772/571/4 773/275/4 774/23/4 775/572/4
f 776/573/1 777/574/1 778/24/1 779/575/1
f 775/576/2 780/193/2 781/24/2 776/567/2
f 782/196/3 783/157/3 784/474/3
f 785/577/3 782/196/3 784/474/3
f 786/578/3 787/196/3 788/157/3 789/579/3
f 790/176/2 791/580/2 792/581/2
f 793/582/2 790/176/2 792/581/2
f 783/253/3 794/583/3 795/584/3
f 784/585/3 783/253/3 795/584/3
f 796/586/4 782/42/4 785/587/4
f 797/588/4 796/586/4 785/587/4
f 798/589/4 799/586/4 787/42/4 786/590/4
f 800/160/4 796/586/4 797/588/4
f 801/591/4 800/160/4 797/588/4
f 802/196/4 800/157/4 801/474/4
f 803/577/4 802/196/4 801/474/4
f 804/578/4 805/196/4 806/157/4 807/579/4
f 791/275/2 802/24/2 803/28/2
f 792/592/2 791/275/2 803/28/2
f 779/571/2 778/275/2 805/24/2 804/575/2
f 794/586/3 808/42/3 809/587/3
f 795/588/3 794/586/3 809/587/3
f 810/589/3 811/586/3 2/42/3 1/590/3
f 812/275/2 790/24/2 793/28/2
f 813/592/2 812/275/2 793/28/2
f 8/571/2 7/275/2 773/24/2 772/575/2
f 808/593/1 814/594/1 815/595/1
f 809/596/1 808/593/1 815/595/1
f 814/597/1 816/598/1 817/599/1
f 815/600/1 814/597/1 817/599/1
f 816/601/1 812/602/1 813/603/1
f 817/604/1 816/601/1 813/603/1
f 818/605/2 819/23/2 820/574/2 821/606/2
f 821/576/1 822/193/1 823/24/1 824/567/1
f 824/605/3 825/23/3 826/574/3 827/606/3
f 828/607/2 829/128/2 830/275/2 831/608/2
f 832/576/4 833/193/4 834/24/4 828/567/4
f 835/605/3 836/23/3 837/574/3 832/606/3
f 612/592/1 611/275/1 668/24/1 667/28/1
f 838/609/1 839/574/1 840/24/1 841/610/1
f 842/611/4 843/275/4 844/23/4 845/612/4
f 622/592/1 621/275/1 626/24/1 625/28/1
f 846/576/4 835/193/4 831/24/4 847/567/4
f 807/571/3 806/275/3 836/23/3 846/572/3
f 847/571/2 830/275/2 799/23/2 798/572/2
f 841/613/2 840/469/2 829/128/2 834/614/2
f 833/609/3 837/574/3 848/24/3 849/610/3
f 850/605/4 844/23/4 851/574/4 852/606/4
f 853/576/3 838/193/3 845/24/3 850/567/3
f 854/605/1 855/23/1 839/574/1 853/606/1
f 856/576/3 854/193/3 852/24/3 857/567/3
f 789/571/1 788/275/1 855/23/1 856/572/1
f 857/573/4 851/574/4 811/24/4 810/575/4
f 858/576/2 859/193/2 860/24/2 861/567/2
f 780/605/4 774/23/4 862/574/4 858/606/4
f 861/605/1 863/23/1 777/574/1 781/606/1
f 849/611/1 848/275/1 863/23/1 860/612/1
f 859/609/4 862/574/4 864/24/4 865/610/4
f 865/611/3 864/275/3 825/23/3 823/612/3
f 822/609/2 820/574/2 843/24/2 842/610/2
f 866/576/1 818/193/1 827/24/1 867/567/1
f 4/571/2 3/275/2 819/23/2 866/572/2
f 867/573/3 826/574/3 6/24/3 5/575/3
f 672/592/1 671/275/1 676/24/1 675/28/1
f 684/592/1 683/275/1 688/24/1 687/28/1
f 696/592/1 695/275/1 700/24/1 699/28/1
usemtl COLUMNAS
f 868/615/40 869/457/40 870/616/40 871/617/40
f 872/618/41 873/619/41 869/620/41 868/621/41
f 874/622/42 875/623/42 873/624/42 872/625/42
f 876/626/43 877/627/43 875/623/43 874/622/43
f 878/628/44 879/629/44 877/630/44 876/631/44
f 880/632/45 881/633/45 879/196/45 878/634/45
f 882/635/46 883/636/46 881/633/46 880/632/46
f 871/617/47 870/616/47 883/24/47 882/637/47
usemtl GUERRERO
f 884/638/41 885/639/41 886/24/41 887/640/41
f 888/638/42 889/639/42 885/24/42 884/640/42
f 890/638/43 891/639/43 889/24/43 888/640/43
f 892/638/44 893/639/44 891/24/44 890/640/44
f 894/638/45 895/639/45 893/24/45 892/640/45
f 896/638/46 897/639/46 895/24/46 894/640/46
f 898/638/47 899/639/47 897/24/47 896/640/47
f 887/638/40 886/639/40 899/24/40 898/640/40
f 900/638/48 901/639/48 902/24/48 903/640/48
f 904/638/49 905/639/49 901/24/49 900/640/49
f 906/638/50 907/639/50 905/24/50 904/640/50
f 908/638/51 909/639/51 907/24/51 906/640/51
f 910/638/52 911/639/52 909/24/52 908/640/52
f 912/638/53 913/639/53 911/24/53 910/640/53
f 914/638/54 915/639/54 913/24/54 912/640/54
f 903/638/55 902/639/55 915/24/55 914/640/55
f 916/638/49 917/639/49 918/24/49 919/640/49
f 920/638/50 921/639/50 917/24/50 916/640/50
f 922/638/51 923/639/51 921/24/51 920/640/51
f 924/638/52 925/639/52 923/24/52 922/640/52
f 926/638/53 927/639/53 925/24/53 924/640/53
f 928/638/54 929/639/54 927/24/54 926/640/54
f 930/638/55 931/639/55 929/24/55 928/640/55
f 919/638/48 918/639/48 931/24/48 930/640/48
usemtl Default
usemtl FLOOR0_1
f 29/641/56 32/642/56 25/643/56
f 28/644/56 29/641/56 25/643/56
f 42/645/56 35/646/56 38/647/56
f 48/648/56 39/649/56 42/645/56
f 46/650/56 48/648/56 42/645/56
f 38/647/56 49/651/56 43/652/56
f 43/652/56 46/650/56 42/645/56
f 42/645/56 38/647/56 43/652/56
f 54/653/56 58/654/56 55/655/56
f 51/656/56 54/653/56 55/655/56
f 59/657/56 62/658/56 63/659/56
f 66/660/56 59/657/56 63/659/56
f 74/661/56 67/662/56 70/663/56
f 71/664/56 74/661/56 70/663/56
f 86/665/56 88/666/56 105/667/56
f 79/668/56 86/665/56 105/667/56
f 99/669/56 123/670/56 93/671/56
f 96/672/56 99/669/56 93/671/56
f 104/668/56 106/667/56 116/673/56
f 102/674/56 104/668/56 116/673/56
f 85/665/56 109/675/56 112/676/56
f 87/666/56 85/665/56 112/676/56
f 115/674/56 117/673/56 98/669/56
f 97/672/56 115/674/56 98/669/56
f 124/670/56 130/677/56 120/678/56
f 122/671/56 124/670/56 120/678/56
f 131/677/56 254/679/56 127/680/56
f 129/678/56 131/677/56 127/680/56
f 257/681/56 262/682/56 260/683/56
f 258/684/56 257/681/56 260/683/56
f 723/685/56 737/686/56 755/687/56
f 720/688/56 723/685/56 755/687/56
f 151/689/56 144/690/56 147/691/56
f 152/692/56 151/689/56 147/691/56
f 932/693/56 933/694/56 174/695/56
f 934/696/56 932/693/56 174/695/56
f 935/697/57 934/696/57 174/695/57
f 936/698/56 937/699/56 938/700/56
f 939/701/56 936/698/56 938/700/56
f 177/702/56 939/701/56 938/700/56
f 935/697/56 174/695/56 177/702/56
f 177/702/56 938/700/56 935/697/56
f 200/703/56 202/704/56 203/705/56
f 206/706/56 200/703/56 203/705/56
f 208/707/56 211/708/56 212/709/56
f 215/710/56 208/707/56 212/709/56
f 705/711/56 111/676/56 708/712/56
f 706/713/56 705/711/56 708/712/56
f 216/714/56 219/711/56 707/713/56
f 710/715/56 216/714/56 707/713/56
f 707/713/56 709/712/56 758/716/56
f 714/717/56 707/713/56 758/716/56
f 710/715/56 707/713/56 714/717/56
f 712/718/56 710/715/56 714/717/56
f 714/717/56 758/716/56 718/719/56
f 716/720/56 714/717/56 718/719/56
f 276/721/56 274/722/56 273/723/56
f 278/724/56 276/721/56 273/723/56
f 226/725/56 222/726/56 224/705/56
f 225/704/56 226/725/56 224/705/56
f 232/727/56 229/728/56 227/726/56
f 228/725/56 232/727/56 227/726/56
f 283/729/58 226/725/58 201/703/58
f 271/730/58 283/729/58 201/703/58
f 281/731/56 231/727/56 226/725/56
f 283/729/56 281/731/56 226/725/56
f 775/732/56 776/733/56 779/734/56
f 772/735/56 775/732/56 779/734/56
f 940/732/59 792/734/59 941/733/59
f 793/735/59 792/734/59 940/732/59
f 33/642/56 306/736/56 303/737/56
f 34/643/56 33/642/56 303/737/56
f 307/736/56 312/738/56 309/739/56
f 308/737/56 307/736/56 309/739/56
f 772/735/56 942/740/56 330/741/56
f 8/742/56 772/735/56 330/741/56
f 942/740/56 772/735/56 804/743/56
f 326/744/56 322/745/56 942/740/56
f 267/746/56 207/706/56 315/747/56
f 268/748/56 267/746/56 315/747/56
f 311/738/56 30/641/56 268/748/56
f 319/749/56 313/739/56 311/738/56
f 8/742/56 330/741/56 320/750/56
f 1/751/56 8/742/56 320/750/56
f 326/744/56 942/740/56 804/743/56
f 328/752/56 326/744/56 804/743/56
f 268/748/56 315/747/56 328/752/56
f 1/751/56 320/750/56 319/749/56
f 786/753/56 1/751/56 319/749/56
f 328/752/56 804/743/56 786/753/56
f 268/748/56 328/752/56 786/753/56
f 786/753/56 319/749/56 311/738/56
f 311/738/56 268/748/56 786/753/56
f 725/754/56 730/755/56 728/756/56
f 726/757/56 725/754/56 728/756/56
f 746/758/56 722/685/56 721/688/56
f 752/759/56 746/758/56 721/688/56
f 943/760/56 944/761/56 945/762/56
f 946/763/56 947/764/56 948/765/56
f 729/756/56 731/755/56 946/763/56
f 949/766/56 946/763/56 724/754/56
f 945/762/56 949/766/56 724/754/56
f 729/756/56 946/763/56 948/765/56
f 943/760/56 945/762/56 724/754/56
f 727/757/56 729/756/56 948/765/56
f 943/760/56 724/754/56 727/757/56
f 948/765/56 943/760/56 727/757/56
f 744/767/56 750/768/56 749/769/56
f 738/770/56 744/767/56 749/769/56
f 948/765/56 947/764/56 950/771/56
f 951/772/56 943/760/56 948/765/56
f 952/773/56 951/772/56 948/765/56
f 735/774/56 739/770/56 952/773/56
f 732/775/56 735/774/56 952/773/56
f 953/776/56 736/686/56 732/775/56
f 954/777/56 955/778/56 953/776/56
f 956/779/56 954/777/56 953/776/56
f 948/765/56 950/771/56 956/779/56
f 952/773/56 948/765/56 956/779/56
f 732/775/56 952/773/56 956/779/56
f 953/776/56 732/775/56 956/779/56
f 744/767/56 738/770/56 734/774/56
f 742/780/56 744/767/56 734/774/56
f 957/781/56 958/782/56 743/767/56
f 747/758/56 957/781/56 743/767/56
f 746/758/56 741/780/56 740/774/56
f 722/685/56 746/758/56 740/774/56
f 723/685/56 734/774/56 733/775/56
f 737/686/56 723/685/56 733/775/56
f 959/783/56 960/784/56 951/772/56
f 961/785/56 962/786/56 959/783/56
f 963/787/56 961/785/56 959/783/56
f 743/767/56 958/782/56 963/787/56
f 751/768/56 743/767/56 963/787/56
f 952/773/56 739/770/56 748/769/56
f 951/772/56 952/773/56 748/769/56
f 959/783/56 951/772/56 748/769/56
f 963/787/56 959/783/56 748/769/56
f 751/768/56 963/787/56 748/769/56
f 736/686/56 953/776/56 955/778/56
f 756/687/56 736/686/56 955/778/56
f 957/781/56 747/758/56 753/759/56
f 964/788/56 957/781/56 753/759/56
f 965/789/56 966/790/56 964/788/56
f 955/778/56 965/789/56 964/788/56
f 756/687/56 955/778/56 964/788/56
f 753/759/56 756/687/56 964/788/56
f 956/779/56 950/771/56 967/791/56
f 954/777/56 956/779/56 967/791/56
f 9/792/56 968/793/56 969/794/56
f 12/795/56 9/792/56 969/794/56
f 970/796/56 16/797/56 14/798/56
f 971/799/56 970/796/56 14/798/56
f 12/795/56 969/794/56 971/799/56
f 14/798/56 12/795/56 971/799/56
f 173/800/56 172/801/56 409/802/56
f 404/803/56 173/800/56 409/802/56
f 165/804/56 164/805/56 413/806/56
f 410/807/56 165/804/56 413/806/56
f 416/808/56 417/809/56 419/810/56
f 414/811/56 416/808/56 419/810/56
f 423/647/56 425/812/56 420/813/56
f 427/814/56 429/651/56 423/647/56
f 422/649/56 426/648/56 430/815/56
f 420/813/56 422/649/56 430/815/56
f 427/814/56 423/647/56 420/813/56
f 420/813/56 430/815/56 427/814/56
f 949/766/56 972/816/56 439/817/56
f 967/791/56 949/766/56 439/817/56
f 960/784/56 959/783/56 962/786/56
f 972/816/56 945/762/56 944/761/56
f 440/818/56 443/819/56 972/816/56
f 967/791/56 439/817/56 74/661/56
f 965/789/56 967/791/56 74/661/56
f 440/818/56 972/816/56 944/761/56
f 965/789/56 74/661/56 469/820/56
f 966/790/56 965/789/56 469/820/56
f 448/802/56 440/818/56 944/761/56
f 966/790/56 469/820/56 464/821/56
f 964/788/56 966/790/56 464/821/56
f 448/802/56 944/761/56 960/784/56
f 447/692/56 448/802/56 960/784/56
f 964/788/56 464/821/56 467/822/56
f 963/787/56 964/788/56 467/822/56
f 444/823/56 447/692/56 960/784/56
f 963/787/56 467/822/56 432/824/56
f 961/785/56 963/787/56 432/824/56
f 444/823/56 960/784/56 962/786/56
f 961/785/56 432/824/56 435/825/56
f 962/786/56 961/785/56 435/825/56
f 435/825/56 444/823/56 962/786/56
f 471/826/56 35/646/56 42/645/56
f 436/827/56 471/826/56 42/645/56
f 476/828/56 479/829/56 483/830/56
f 480/831/56 476/828/56 483/830/56
f 486/832/56 489/833/56 771/834/56
f 490/835/56 486/832/56 771/834/56
f 495/836/56 497/837/56 532/838/56
f 493/833/56 495/836/56 532/838/56
f 530/839/56 529/834/56 493/833/56
f 493/833/56 532/838/56 530/839/56
f 498/840/56 492/832/56 491/835/56
f 420/813/56 425/812/56 498/840/56
f 500/841/56 420/813/56 498/840/56
f 973/842/56 500/841/56 498/840/56
f 498/840/56 491/835/56 973/842/56
f 544/843/56 548/844/56 541/845/56
f 545/846/56 544/843/56 541/845/56
f 539/847/56 545/846/56 541/845/56
f 537/848/56 539/847/56 541/845/56
f 535/363/56 537/848/56 541/845/56
f 973/842/56 526/849/56 535/363/56
f 500/841/56 973/842/56 535/363/56
f 512/850/56 500/841/56 535/363/56
f 541/845/56 512/850/56 535/363/56
f 584/851/56 585/852/56 581/853/56
f 521/854/56 524/855/56 584/851/56
f 563/856/56 521/854/56 584/851/56
f 558/857/56 563/856/56 584/851/56
f 564/858/56 558/857/56 584/851/56
f 573/859/56 564/858/56 584/851/56
f 570/860/56 573/859/56 584/851/56
f 525/849/57 531/839/57 569/861/57
f 534/363/56 525/849/56 569/861/56
f 536/848/56 534/363/56 569/861/56
f 136/862/56 135/863/56 542/845/56
f 519/864/56 136/862/56 542/845/56
f 514/865/56 517/866/56 519/864/56
f 584/851/56 581/853/56 514/865/56
f 570/860/56 584/851/56 514/865/56
f 580/867/56 570/860/56 514/865/56
f 536/848/56 569/861/56 576/868/56
f 538/847/56 536/848/56 576/868/56
f 519/864/56 542/845/56 547/844/56
f 514/865/56 519/864/56 547/844/56
f 580/867/56 514/865/56 547/844/56
f 576/868/56 580/867/56 547/844/56
f 546/846/56 538/847/56 576/868/56
f 576/868/56 547/844/56 543/843/56
f 543/843/56 546/846/56 576/868/56
f 482/828/56 481/831/56 587/869/56
f 590/870/56 482/828/56 587/869/56
f 589/870/56 588/869/56 595/709/56
f 596/708/56 589/870/56 595/709/56
f 597/837/56 599/871/56 550/872/56
f 549/838/56 597/837/56 550/872/56
f 600/871/56 602/873/56 553/874/56
f 552/872/56 600/871/56 553/874/56
f 555/874/56 603/873/56 605/875/56
f 556/876/56 555/874/56 605/875/56
f 608/877/56 572/859/56 571/860/56
f 606/875/56 608/877/56 571/860/56
f 567/876/56 606/875/56 571/860/56
f 568/861/56 567/876/56 571/860/56
f 575/868/56 568/861/56 571/860/56
f 579/867/56 575/868/56 571/860/56
f 818/878/56 821/879/56 824/880/56
f 827/881/56 818/878/56 824/880/56
f 974/878/59 975/880/59 976/879/59
f 977/881/59 975/880/59 974/878/59
f 828/882/56 831/883/56 835/884/56
f 832/885/56 828/882/56 835/884/56
f 978/882/59 979/884/59 980/883/59
f 981/885/59 979/884/59 978/882/59
f 612/886/56 667/887/56 613/888/56
f 609/889/56 612/886/56 613/888/56
f 650/890/56 128/680/56 249/891/56
f 616/892/56 650/890/56 249/891/56
f 654/893/60 121/678/60 128/680/60
f 650/890/60 654/893/60 128/680/60
f 617/894/56 109/675/56 85/665/56
f 636/895/56 617/894/56 85/665/56
f 637/896/56 636/895/56 85/665/56
f 662/897/56 637/896/56 85/665/56
f 654/893/56 658/898/56 662/897/56
f 121/678/56 654/893/56 662/897/56
f 95/672/56 121/678/56 662/897/56
f 662/897/56 85/665/56 80/668/56
f 103/674/56 95/672/56 662/897/56
f 662/897/56 80/668/56 103/674/56
f 841/899/57 849/900/57 865/901/57
f 842/902/57 841/899/57 865/901/57
f 982/899/61 983/901/61 984/900/61
f 985/902/61 983/901/61 982/899/61
f 845/903/56 838/904/56 841/899/56
f 842/902/56 845/903/56 841/899/56
f 986/903/59 982/899/59 987/904/59
f 985/902/59 982/899/59 986/903/59
f 622/905/56 625/906/56 623/907/56
f 619/908/56 622/905/56 623/907/56
f 872/909/56 988/910/56 840/899/56
f 874/911/56 872/909/56 840/899/56
f 988/910/56 872/909/56 868/912/56
f 799/913/56 988/910/56 868/912/56
f 876/914/56 874/911/56 840/899/56
f 799/913/56 868/912/56 871/915/56
f 876/914/56 840/899/56 788/916/56
f 787/753/56 799/913/56 871/915/56
f 878/917/56 876/914/56 788/916/56
f 787/753/56 871/915/56 882/918/56
f 880/919/56 878/917/56 788/916/56
f 787/753/56 882/918/56 880/919/56
f 880/919/56 788/916/56 787/753/56
f 873/909/59 982/899/59 989/910/59
f 875/911/59 982/899/59 873/909/59
f 989/910/59 869/912/59 873/909/59
f 797/913/59 869/912/59 989/910/59
f 877/914/59 982/899/59 875/911/59
f 797/913/59 870/915/59 869/912/59
f 877/914/59 784/916/59 982/899/59
f 785/753/59 870/915/59 797/913/59
f 879/917/59 784/916/59 877/914/59
f 785/753/59 883/918/59 870/915/59
f 881/919/59 784/916/59 879/917/59
f 785/753/59 881/919/59 883/918/59
f 881/919/59 785/753/59 784/916/59
f 870/915/56 869/912/56 873/909/56
f 883/918/56 870/915/56 873/909/56
f 881/919/56 883/918/56 873/909/56
f 879/917/56 881/919/56 873/909/56
f 877/914/56 879/917/56 873/909/56
f 875/911/56 877/914/56 873/909/56
f 177/702/56 9/792/56 12/795/56
f 939/701/56 177/702/56 12/795/56
f 935/697/56 938/700/56 937/699/56
f 934/696/56 935/697/56 937/699/56
f 16/797/56 174/695/56 933/694/56
f 14/798/56 16/797/56 933/694/56
f 936/698/56 939/701/56 12/795/56
f 932/693/56 934/696/56 937/699/56
f 14/798/56 933/694/56 932/693/56
f 937/699/56 936/698/56 12/795/56
f 14/798/56 932/693/56 937/699/56
f 12/795/56 14/798/56 937/699/56
f 511/920/56 510/921/56 628/922/56
f 630/923/56 511/920/56 628/922/56
f 884/924/56 990/925/56 778/734/56
f 888/926/56 884/924/56 778/734/56
f 990/925/56 884/924/56 887/927/56
f 805/743/56 990/925/56 887/927/56
f 890/928/56 888/926/56 778/734/56
f 805/743/56 887/927/56 898/929/56
f 890/928/56 778/734/56 848/900/56
f 806/930/56 805/743/56 898/929/56
f 892/931/56 890/928/56 848/900/56
f 806/930/56 898/929/56 896/932/56
f 894/933/56 892/931/56 848/900/56
f 806/930/56 896/932/56 894/933/56
f 894/933/56 848/900/56 806/930/56
f 885/924/59 792/734/59 991/925/59
f 889/926/59 792/734/59 885/924/59
f 991/925/59 886/927/59 885/924/59
f 803/743/59 886/927/59 991/925/59
f 891/928/59 792/734/59 889/926/59
f 803/743/59 899/929/59 886/927/59
f 891/928/59 984/900/59 792/734/59
f 801/930/59 899/929/59 803/743/59
f 893/931/59 984/900/59 891/928/59
f 801/930/59 897/932/59 899/929/59
f 895/933/59 984/900/59 893/931/59
f 801/930/59 895/933/59 897/932/59
f 895/933/59 801/930/59 984/900/59
f 899/929/56 886/927/56 885/924/56
f 897/932/56 899/929/56 885/924/56
f 895/933/56 897/932/56 885/924/56
f 893/931/56 895/933/56 885/924/56
f 891/928/56 893/931/56 885/924/56
f 889/926/56 891/928/56 885/924/56
f 904/934/56 992/935/56 3/936/56
f 906/937/56 904/934/56 3/936/56
f 992/935/56 904/934/56 900/938/56
f 843/902/56 992/935/56 900/938/56
f 908/939/56 906/937/56 3/936/56
f 843/902/56 900/938/56 903/940/56
f 908/939/56 3/936/56 2/751/56
f 811/941/56 843/902/56 903/940/56
f 910/942/56 908/939/56 2/751/56
f 811/941/56 903/940/56 914/943/56
f 912/944/56 910/942/56 2/751/56
f 811/941/56 914/943/56 912/944/56
f 912/944/56 2/751/56 811/941/56
f 905/934/59 815/936/59 993/935/59
f 907/937/59 815/936/59 905/934/59
f 993/935/59 901/938/59 905/934/59
f 985/902/59 901/938/59 993/935/59
f 909/939/59 815/936/59 907/937/59
f 985/902/59 902/940/59 901/938/59
f 909/939/59 809/751/59 815/936/59
f 795/941/59 902/940/59 985/902/59
f 911/942/59 809/751/59 909/939/59
f 795/941/59 915/943/59 902/940/59
f 913/944/59 809/751/59 911/942/59
f 795/941/59 913/944/59 915/943/59
f 913/944/59 795/941/59 809/751/59
f 902/940/56 901/938/56 905/934/56
f 915/943/56 902/940/56 905/934/56
f 913/944/56 915/943/56 905/934/56
f 911/942/56 913/944/56 905/934/56
f 909/939/56 911/942/56 905/934/56
f 907/937/56 909/939/56 905/934/56
f 916/945/56 994/946/56 7/742/56
f 920/947/56 916/945/56 7/742/56
f 994/946/56 916/945/56 919/948/56
f 773/735/56 994/946/56 919/948/56
f 922/949/56 920/947/56 7/742/56
f 773/735/56 919/948/56 930/950/56
f 922/949/56 7/742/56 6/951/56
f 864/901/56 773/735/56 930/950/56
f 924/952/56 922/949/56 6/951/56
f 864/901/56 930/950/56 928/953/56
f 926/954/56 924/952/56 6/951/56
f 864/901/56 928/953/56 926/954/56
f 926/954/56 6/951/56 864/901/56
f 917/945/59 813/742/59 995/946/59
f 921/947/59 813/742/59 917/945/59
f 995/946/59 918/948/59 917/945/59
f 793/735/59 918/948/59 995/946/59
f 923/949/59 813/742/59 921/947/59
f 793/735/59 931/950/59 918/948/59
f 923/949/59 817/951/59 813/742/59
f 983/901/59 931/950/59 793/735/59
f 925/952/59 817/951/59 923/949/59
f 983/901/59 929/953/59 931/950/59
f 927/954/59 817/951/59 925/952/59
f 983/901/59 927/954/59 929/953/59
f 927/954/59 983/901/59 817/951/59
f 931/950/56 918/948/56 917/945/56
f 929/953/56 931/950/56 917/945/56
f 927/954/56 929/953/56 917/945/56
f 925/952/56 927/954/56 917/945/56
f 923/949/56 925/952/56 917/945/56
f 921/947/56 923/949/56 917/945/56
f 798/913/56 807/930/56 846/884/56
f 847/883/56 798/913/56 846/884/56
f 797/913/59 979/884/59 801/930/59
f 980/883/59 979/884/59 797/913/59
f 841/899/56 834/882/56 833/885/56
f 849/900/56 841/899/56 833/885/56
f 982/899/59 981/885/59 978/882/59
f 984/900/59 981/885/59 982/899/59
f 854/955/56 853/904/56 850/903/56
f 852/956/56 854/955/56 850/903/56
f 996/955/59 986/903/59 987/904/59
f 997/956/59 986/903/59 996/955/59
f 810/941/56 789/916/56 856/955/56
f 857/956/56 810/941/56 856/955/56
f 795/941/59 996/955/59 784/916/59
f 997/956/59 996/955/59 795/941/59
f 861/957/56 781/733/56 780/732/56
f 858/958/56 861/957/56 780/732/56
f 998/957/59 940/732/59 941/733/59
f 999/958/59 940/732/59 998/957/59
f 865/901/56 849/900/56 860/957/56
f 859/958/56 865/901/56 860/957/56
f 983/901/59 998/957/59 984/900/59
f 999/958/59 998/957/59 983/901/59
f 842/902/56 865/901/56 823/880/56
f 822/879/56 842/902/56 823/880/56
f 985/902/59 975/880/59 983/901/59
f 976/879/59 975/880/59 985/902/59
f 4/936/56 866/878/56 867/881/56
f 5/951/56 4/936/56 867/881/56
f 815/936/59 977/881/59 974/878/59
f 817/951/59 977/881/59 815/936/59
f 667/887/56 665/959/56 663/960/56
f 613/888/56 667/887/56 663/960/56
f 672/961/56 675/962/56 673/963/56
f 669/964/56 672/961/56 673/963/56
f 673/963/56 675/962/56 678/965/56
f 680/966/56 673/963/56 678/965/56
f 684/967/56 687/968/56 685/969/56
f 681/970/56 684/967/56 685/969/56
f 685/969/56 687/968/56 690/971/56
f 692/972/56 685/969/56 690/971/56
f 696/973/56 699/974/56 697/975/56
f 693/976/56 696/973/56 697/975/56
f 697/975/56 699/974/56 702/977/56
f 704/978/56 697/975/56 702/977/56
usemtl F_SKY1
f 1000/641/59 26/643/59 1001/642/59
f 27/644/59 26/643/59 1000/641/59
f 83/665/59 1002/667/59 1003/666/59
f 76/668/59 1002/667/59 83/665/59
f 1004/669/59 90/671/59 1005/670/59
f 91/672/59 90/671/59 1004/669/59
f 76/668/59 1006/673/59 1002/667/59
f 101/674/59 1006/673/59 76/668/59
f 83/665/59 1007/676/59 113/675/59
f 1003/666/59 1007/676/59 83/665/59
f 101/674/59 1004/669/59 1006/673/59
f 91/672/59 1004/669/59 101/674/59
f 1005/670/59 119/678/59 1008/677/59
f 90/671/59 119/678/59 1005/670/59
f 1008/677/59 126/680/59 1009/679/59
f 119/678/59 126/680/59 1008/677/59
f 1010/681/59 1011/683/59 1012/682/59
f 1013/684/59 1011/683/59 1010/681/59
f 141/685/59 1014/687/59 142/686/59
f 1015/688/59 1014/687/59 141/685/59
f 1016/693/59 175/695/59 1017/694/59
f 1018/696/59 175/695/59 1016/693/59
f 1019/697/61 175/695/61 1018/696/61
f 1020/698/59 1021/700/59 1022/699/59
f 1023/701/59 1021/700/59 1020/698/59
f 176/702/59 1021/700/59 1023/701/59
f 1019/697/59 176/702/59 175/695/59
f 176/702/59 1019/697/59 1021/700/59
f 192/979/59 187/980/59 186/981/59
f 190/982/59 187/980/59 192/979/59
f 113/675/59 190/982/59 179/664/59
f 1024/983/59 190/982/59 113/675/59
f 1025/984/59 190/982/59 1024/983/59
f 1026/985/59 190/982/59 1025/984/59
f 1027/986/59 190/982/59 1026/985/59
f 1028/987/59 190/982/59 1027/986/59
f 194/988/59 190/982/59 1028/987/59
f 1029/703/59 204/705/59 1030/704/59
f 205/706/59 204/705/59 1029/703/59
f 1031/711/59 1032/712/59 1007/676/59
f 1033/713/59 1032/712/59 1031/711/59
f 1034/714/59 1033/713/59 1031/711/59
f 1035/715/59 1033/713/59 1034/714/59
f 1033/713/59 1036/716/59 1032/712/59
f 1037/717/59 1036/716/59 1033/713/59
f 1035/715/59 1037/717/59 1033/713/59
f 1038/718/59 1037/717/59 1035/715/59
f 1037/717/59 1039/719/59 1036/716/59
f 1040/720/59 1039/719/59 1037/717/59
f 1003/989/59 1035/990/59 1034/991/59
f 1041/992/59 1035/990/59 1003/989/59
f 1042/721/59 1043/723/59 1044/722/59
f 1045/724/59 1043/723/59 1042/721/59
f 1046/725/59 204/705/59 223/726/59
f 1030/704/59 204/705/59 1046/725/59
f 1047/727/59 223/726/59 230/728/59
f 1046/725/59 223/726/59 1047/727/59
f 234/993/59 241/994/59 302/995/59
f 239/996/59 292/997/59 290/998/59
f 238/999/59 292/997/59 239/996/59
f 1048/1000/59 299/1001/59 298/1002/59
f 1040/1003/59 1024/1004/59 1039/1005/59
f 1038/1006/59 1040/1003/59 1037/1007/59
f 1041/992/59 1038/1006/59 1035/990/59
f 1002/1008/59 1041/992/59 1003/989/59
f 1006/1009/59 1041/992/59 1002/1008/59
f 1004/1010/59 1041/992/59 1006/1009/59
f 1009/1011/59 1041/992/59 1004/1010/59
f 247/1012/59 1009/1011/59 126/1013/59
f 1049/1014/59 1009/1011/59 247/1012/59
f 1042/1015/59 1009/1011/59 1049/1014/59
f 1049/1014/59 1043/1016/59 1045/1017/59
f 1050/1018/59 1043/1016/59 1049/1014/59
f 1051/1019/59 1052/1020/59 1053/1021/59
f 242/1022/59 1051/1019/59 230/1023/59
f 1054/1024/59 1051/1019/59 242/1022/59
f 1055/1025/59 1051/1019/59 1054/1024/59
f 1056/1026/59 1057/1027/59 1058/1028/59
f 1059/1029/61 1057/1027/61 1056/1026/61
f 1060/1030/59 1057/1027/59 1059/1029/59
f 1061/1031/61 1057/1027/61 1060/1030/61
f 1062/1032/59 1057/1027/59 1061/1031/59
f 1012/1033/59 1063/1034/59 1064/1035/59
f 1011/1036/59 1063/1034/59 1012/1033/59
f 1065/1037/59 1010/1038/59 1064/1035/59
f 1066/1039/59 1067/1040/59 1068/1041/59
f 1069/1042/59 1067/1040/59 1066/1039/59
f 1070/1043/59 1067/1040/59 1069/1042/59
f 1071/1044/59 1067/1040/59 1070/1043/59
f 1072/1045/61 1067/1040/61 1071/1044/61
f 1073/1046/59 1067/1040/59 1072/1045/59
f 1074/1047/59 1067/1040/59 1073/1046/59
f 1075/1048/59 1067/1040/59 1074/1047/59
f 241/994/59 1076/1049/59 1054/1024/59
f 234/993/59 1076/1049/59 241/994/59
f 293/1050/59 1076/1049/59 234/993/59
f 238/999/59 293/1050/59 292/997/59
f 296/1051/59 293/1050/59 238/999/59
f 1048/1000/59 287/1052/59 299/1001/59
f 1038/1006/59 1024/1004/59 1040/1003/59
f 1009/1011/59 1038/1006/59 1041/992/59
f 1077/1053/59 1051/1019/59 1055/1025/59
f 1062/1032/59 1078/1054/59 1057/1027/59
f 1079/1055/59 1078/1054/59 1062/1032/59
f 1011/1036/59 1080/1056/59 1063/1034/59
f 1081/1057/59 1010/1038/59 1065/1037/59
f 1075/1048/61 1082/1058/61 1067/1040/61
f 1083/1059/59 1082/1058/59 1075/1048/59
f 293/1050/59 1084/1060/59 1076/1049/59
f 288/1061/59 293/1050/59 296/1051/59
f 1048/1000/59 288/1061/59 287/1052/59
f 1077/1053/59 1052/1020/59 1051/1019/59
f 1085/1062/59 1052/1020/59 1077/1053/59
f 1079/1055/59 1085/1062/59 1078/1054/59
f 1086/1063/59 1085/1062/59 1079/1055/59
f 1011/1036/59 1087/1064/59 1080/1056/59
f 1088/1065/59 1010/1038/59 1081/1057/59
f 1089/1066/59 1082/1058/59 1083/1059/59
f 1048/1000/59 293/1050/59 288/1061/59
f 1086/1063/59 1050/1018/59 1085/1062/59
f 1090/1067/59 1050/1018/59 1086/1063/59
f 1011/1036/59 1091/1068/59 1087/1064/59
f 1092/1069/59 1010/1038/59 1088/1065/59
f 1093/1070/59 1082/1058/59 1089/1066/59
f 1048/1000/59 1084/1060/59 293/1050/59
f 1094/1071/59 1050/1018/59 1090/1067/59
f 1011/1036/59 1095/1072/59 1091/1068/59
f 1013/1073/59 1095/1072/59 1011/1036/59
f 1048/1000/59 1096/1074/59 1084/1060/59
f 1095/1072/59 1050/1018/59 1094/1071/59
f 1048/1000/61 1097/1075/61 1096/1074/61
f 1095/1072/59 1044/1076/59 1050/1018/59
f 1013/1073/59 1044/1076/59 1095/1072/59
f 1048/1000/59 1098/1077/59 1097/1075/59
f 1013/1073/59 1009/1011/59 1044/1076/59
f 1048/1000/59 1093/1070/59 1098/1077/59
f 1028/1078/59 1093/1070/59 1048/1000/59
f 1013/1073/59 1038/1006/59 1009/1011/59
f 1027/1079/59 1093/1070/59 1028/1078/59
f 1010/1038/59 1038/1006/59 1013/1073/59
f 1026/1080/59 1093/1070/59 1027/1079/59
f 1092/1069/59 1038/1006/59 1010/1038/59
f 1025/1081/59 1093/1070/59 1026/1080/59
f 1082/1058/59 1038/1006/59 1092/1069/59
f 1024/1004/61 1093/1070/61 1025/1081/61
f 1082/1058/59 1024/1004/59 1038/1006/59
f 1024/1004/59 1082/1058/59 1093/1070/59
f 1099/729/59 1029/703/59 1046/725/59
f 1053/730/59 1029/703/59 1099/729/59
f 1051/731/59 1046/725/59 1047/727/59
f 1099/729/59 1046/725/59 1051/731/59
f 1100/732/59 1101/734/59 1102/733/59
f 1103/735/59 1101/734/59 1100/732/59
f 1001/642/59 304/737/59 1104/736/59
f 26/643/59 304/737/59 1001/642/59
f 1104/736/59 310/739/59 1105/738/59
f 304/737/59 310/739/59 1104/736/59
f 1103/735/59 331/741/59 1106/740/59
f 1107/742/59 331/741/59 1103/735/59
f 1106/740/59 1108/743/59 1103/735/59
f 327/744/59 1106/740/59 323/745/59
f 1052/746/59 314/747/59 205/706/59
f 1050/748/59 314/747/59 1052/746/59
f 1105/738/59 1050/748/59 1000/641/59
f 318/749/59 1105/738/59 310/739/59
f 1107/742/59 321/750/59 331/741/59
f 1109/751/59 321/750/59 1107/742/59
f 327/744/59 1108/743/59 1106/740/59
f 329/752/59 1108/743/59 327/744/59
f 1050/748/59 329/752/59 314/747/59
f 1109/751/59 318/749/59 321/750/59
f 1110/753/59 318/749/59 1109/751/59
f 329/752/59 1110/753/59 1108/743/59
f 1050/748/59 1110/753/59 329/752/59
f 1110/753/59 1105/738/59 318/749/59
f 1105/738/59 1110/753/59 1050/748/59
f 194/988/59 1048/1082/59 298/1083/59
f 1028/987/59 1048/1082/59 194/988/59
f 1111/754/59 1112/756/59 1113/755/59
f 1114/757/59 1112/756/59 1111/754/59
f 337/758/59 1015/688/59 141/685/59
f 1115/759/59 1015/688/59 337/758/59
f 345/760/59 339/762/59 343/761/59
f 1116/763/59 348/765/59 347/764/59
f 1112/756/59 1116/763/59 1113/755/59
f 340/766/59 1111/754/59 1116/763/59
f 339/762/59 1111/754/59 340/766/59
f 1112/756/59 348/765/59 1116/763/59
f 345/760/59 1111/754/59 339/762/59
f 1114/757/59 348/765/59 1112/756/59
f 345/760/59 1114/757/59 1111/754/59
f 348/765/59 1114/757/59 345/760/59
f 378/783/59 385/772/59 380/784/59
f 375/785/59 378/783/59 376/786/59
f 383/787/59 378/783/59 375/785/59
f 356/767/59 383/787/59 382/782/59
f 352/768/59 383/787/59 356/767/59
f 386/773/59 355/769/59 361/770/59
f 385/772/59 355/769/59 386/773/59
f 378/783/59 355/769/59 385/772/59
f 383/787/59 355/769/59 378/783/59
f 352/768/59 355/769/59 383/787/59
f 142/686/59 388/778/59 396/776/59
f 1014/687/59 388/778/59 142/686/59
f 395/781/59 1115/759/59 337/758/59
f 393/788/59 1115/759/59 395/781/59
f 389/789/59 393/788/59 392/790/59
f 388/778/59 393/788/59 389/789/59
f 1014/687/59 393/788/59 388/778/59
f 1115/759/59 393/788/59 1014/687/59
f 402/779/59 399/791/59 398/771/59
f 401/777/59 399/791/59 402/779/59
f 9/792/59 969/794/59 968/793/59
f 12/795/59 969/794/59 9/792/59
f 970/796/59 14/798/59 16/797/59
f 971/799/59 14/798/59 970/796/59
f 12/795/59 971/799/59 969/794/59
f 14/798/59 971/799/59 12/795/59
f 1117/878/59 1118/880/59 1119/879/59
f 1120/881/59 1118/880/59 1117/878/59
f 1121/882/59 1122/884/59 1123/883/59
f 1124/885/59 1122/884/59 1121/882/59
f 1125/899/61 1126/901/61 1127/900/61
f 1128/902/61 1126/901/61 1125/899/61
f 1129/903/59 1125/899/59 1130/904/59
f 1128/902/59 1125/899/59 1129/903/59
f 1131/909/59 1125/899/59 1132/910/59
f 1133/911/59 1125/899/59 1131/909/59
f 1132/910/59 1134/912/59 1131/909/59
f 1135/913/59 1134/912/59 1132/910/59
f 1136/914/59 1125/899/59 1133/911/59
f 1135/913/59 1137/915/59 1134/912/59
f 1136/914/59 1138/916/59 1125/899/59
f 1110/753/59 1137/915/59 1135/913/59
f 1139/917/59 1138/916/59 1136/914/59
f 1110/753/59 1140/918/59 1137/915/59
f 1141/919/59 1138/916/59 1139/917/59
f 1110/753/59 1141/919/59 1140/918/59
f 1141/919/59 1110/753/59 1138/916/59
f 1137/915/59 1131/909/59 1134/912/59
f 1140/918/59 1131/909/59 1137/915/59
f 1141/919/59 1131/909/59 1140/918/59
f 1139/917/59 1131/909/59 1141/919/59
f 1136/914/59 1131/909/59 1139/917/59
f 1133/911/59 1131/909/59 1136/914/59
f 176/702/59 11/795/59 10/792/59
f 1023/701/59 11/795/59 176/702/59
f 1019/697/59 1022/699/59 1021/700/59
f 1018/696/59 1022/699/59 1019/697/59
f 15/797/59 1017/694/59 175/695/59
f 13/798/59 1017/694/59 15/797/59
f 1020/698/59 11/795/59 1023/701/59
f 1016/693/59 1022/699/59 1018/696/59
f 13/798/59 1016/693/59 1017/694/59
f 1022/699/59 11/795/59 1020/698/59
f 13/798/59 1022/699/59 1016/693/59
f 11/795/59 1022/699/59 13/798/59
f 642/1084/59 632/895/59 639/894/59
f 22/1085/59 642/1084/59 23/1086/59
f 19/1087/59 642/1084/59 22/1085/59
f 645/1088/59 19/1087/59 18/1089/59
f 656/898/59 19/1087/59 645/1088/59
f 642/1084/59 633/896/59 632/895/59
f 19/1087/59 633/896/59 642/1084/59
f 660/897/59 19/1087/59 656/898/59
f 19/1087/59 660/897/59 633/896/59
f 1142/1090/59 21/1085/59 24/1086/59
f 1143/1091/59 21/1085/59 1142/1090/59
f 17/1089/59 1144/1092/59 1145/1093/59
f 20/1087/59 1144/1092/59 17/1089/59
f 1143/1091/59 20/1087/59 21/1085/59
f 1144/1092/59 20/1087/59 1143/1091/59
f 1146/1094/61 1062/1032/61 1147/1095/61
f 1079/1055/59 1062/1032/59 1146/1094/59
f 1148/1096/61 1149/1097/61 1150/1098/61
f 1151/1099/59 1149/1097/59 1148/1096/59
f 1152/1100/61 1149/1097/61 1151/1099/61
f 1153/1101/59 1149/1097/59 1152/1100/59
f 1154/1102/59 1149/1097/59 1153/1101/59
f 1155/1103/61 1149/1097/61 1154/1102/61
f 1156/1104/59 1149/1097/59 1155/1103/59
f 1157/1105/59 1149/1097/59 1156/1104/59
f 1158/1106/59 1149/1097/59 1157/1105/59
f 1159/1107/59 1160/1108/59 1161/1109/59
f 1162/1110/59 1160/1108/59 1159/1107/59
f 1163/1111/59 1160/1108/59 1162/1110/59
f 1164/1112/59 1160/1108/59 1163/1111/59
f 1165/1113/59 1160/1108/59 1164/1112/59
f 1166/1114/59 1160/1108/59 1165/1113/59
f 1167/1115/61 1160/1108/61 1166/1114/61
f 1168/1116/59 1160/1108/59 1167/1115/59
f 1169/1117/59 1160/1108/59 1168/1116/59
f 1170/1118/59 1160/1108/59 1169/1117/59
f 1171/1119/59 1160/1108/59 1170/1118/59
f 1172/1120/59 1160/1108/59 1171/1119/59
f 1173/1121/61 1160/1108/61 1172/1120/61
f 1174/1122/59 1160/1108/59 1173/1121/59
f 1146/1094/59 1160/1108/59 1174/1122/59
f 1175/1123/59 1146/1094/59 1147/1095/59
f 1176/1124/61 1177/1125/61 1178/1126/61
f 1179/1127/59 1177/1125/59 1176/1124/59
f 1180/1128/59 1177/1125/59 1179/1127/59
f 1181/1129/59 1177/1125/59 1180/1128/59
f 1149/1097/59 1177/1125/59 1181/1129/59
f 1158/1106/59 1177/1125/59 1149/1097/59
f 1182/1130/59 1177/1125/59 1158/1106/59
f 1146/1094/61 1183/1131/61 1160/1108/61
f 1182/1130/59 1184/1132/59 1177/1125/59
f 1146/1094/59 1185/1133/59 1183/1131/59
f 1175/1123/59 1185/1133/59 1146/1094/59
f 1182/1130/59 1186/1134/59 1184/1132/59
f 1187/1135/59 1186/1134/59 1182/1130/59
f 1175/1123/59 1188/1136/59 1185/1133/59
f 1189/1137/59 1188/1136/59 1175/1123/59
f 1187/1135/59 1189/1137/59 1186/1134/59
f 1190/1138/59 1189/1137/59 1187/1135/59
f 1189/1137/59 1190/1138/59 1188/1136/59
f 1174/1122/59 1079/1055/59 1146/1094/59
f 1086/1063/61 1079/1055/61 1174/1122/61
f 1173/1121/61 1086/1063/61 1174/1122/61
f 1090/1067/59 1086/1063/59 1173/1121/59
f 1172/1120/61 1090/1067/61 1173/1121/61
f 1094/1071/59 1090/1067/59 1172/1120/59
f 1171/1119/59 1094/1071/59 1172/1120/59
f 1095/1072/59 1094/1071/59 1171/1119/59
f 1170/1118/59 1095/1072/59 1171/1119/59
f 1091/1068/59 1095/1072/59 1170/1118/59
f 1087/1064/61 1170/1118/61 1169/1117/61
f 1091/1068/59 1170/1118/59 1087/1064/59
f 1080/1056/59 1169/1117/59 1168/1116/59
f 1087/1064/59 1169/1117/59 1080/1056/59
f 1063/1034/59 1168/1116/59 1167/1115/59
f 1080/1056/59 1168/1116/59 1063/1034/59
f 1064/1035/59 1167/1115/59 1166/1114/59
f 1063/1034/59 1167/1115/59 1064/1035/59
f 1065/1037/61 1166/1114/61 1165/1113/61
f 1064/1035/59 1166/1114/59 1065/1037/59
f 1081/1057/61 1165/1113/61 1164/1112/61
f 1065/1037/59 1165/1113/59 1081/1057/59
f 1081/1057/59 1163/1111/59 1088/1065/59
f 1164/1112/59 1163/1111/59 1081/1057/59
f 1088/1065/59 1162/1110/59 1092/1069/59
f 1163/1111/59 1162/1110/59 1088/1065/59
f 1092/1069/59 1159/1107/59 1082/1058/59
f 1162/1110/59 1159/1107/59 1092/1069/59
f 1159/1107/59 1067/1040/59 1082/1058/59
f 1161/1109/59 1067/1040/59 1159/1107/59
f 1161/1109/59 1068/1041/59 1067/1040/59
f 1160/1108/59 1068/1041/59 1161/1109/59
f 1160/1108/59 1066/1039/59 1068/1041/59
f 1183/1131/59 1066/1039/59 1160/1108/59
f 1066/1039/59 1185/1133/59 1069/1042/59
f 1183/1131/59 1185/1133/59 1066/1039/59
f 1069/1042/59 1188/1136/59 1070/1043/59
f 1185/1133/59 1188/1136/59 1069/1042/59
f 1070/1043/59 1190/1138/59 1071/1044/59
f 1188/1136/59 1190/1138/59 1070/1043/59
f 1071/1044/59 1187/1135/59 1072/1045/59
f 1190/1138/59 1187/1135/59 1071/1044/59
f 1072/1045/59 1182/1130/59 1073/1046/59
f 1187/1135/59 1182/1130/59 1072/1045/59
f 1073/1046/59 1158/1106/59 1074/1047/59
f 1182/1130/61 1158/1106/61 1073/1046/61
f 1074/1047/59 1157/1105/59 1075/1048/59
f 1158/1106/59 1157/1105/59 1074/1047/59
f 1075/1048/59 1156/1104/59 1083/1059/59
f 1157/1105/59 1156/1104/59 1075/1048/59
f 1083/1059/59 1155/1103/59 1089/1066/59
f 1156/1104/59 1155/1103/59 1083/1059/59
f 1089/1066/59 1154/1102/59 1093/1070/59
f 1155/1103/59 1154/1102/59 1089/1066/59
f 1154/1102/59 1098/1077/59 1093/1070/59
f 1153/1101/59 1098/1077/59 1154/1102/59
f 1153/1101/59 1097/1075/59 1098/1077/59
f 1152/1100/59 1097/1075/59 1153/1101/59
f 1152/1100/59 1096/1074/59 1097/1075/59
f 1151/1099/59 1096/1074/59 1152/1100/59
f 1151/1099/61 1084/1060/61 1096/1074/61
f 1148/1096/59 1084/1060/59 1151/1099/59
f 1148/1096/59 1076/1049/59 1084/1060/59
f 1150/1098/59 1076/1049/59 1148/1096/59
f 1150/1098/59 1054/1024/59 1076/1049/59
f 1149/1097/59 1054/1024/59 1150/1098/59
f 1181/1129/59 1054/1024/59 1149/1097/59
f 1055/1025/59 1054/1024/59 1181/1129/59
f 1180/1128/59 1055/1025/59 1181/1129/59
f 1077/1053/59 1055/1025/59 1180/1128/59
f 1179/1127/59 1077/1053/59 1180/1128/59
f 1085/1062/59 1077/1053/59 1179/1127/59
f 1176/1124/59 1085/1062/59 1179/1127/59
f 1078/1054/61 1085/1062/61 1176/1124/61
f 1178/1126/59 1078/1054/59 1176/1124/59
f 1057/1027/59 1078/1054/59 1178/1126/59
f 1058/1028/61 1178/1126/61 1177/1125/61
f 1057/1027/59 1178/1126/59 1058/1028/59
f 1056/1026/59 1177/1125/59 1184/1132/59
f 1058/1028/59 1177/1125/59 1056/1026/59
f 1186/1134/59 1056/1026/59 1184/1132/59
f 1059/1029/59 1056/1026/59 1186/1134/59
f 1189/1137/59 1059/1029/59 1186/1134/59
f 1060/1030/59 1059/1029/59 1189/1137/59
f 1175/1123/59 1060/1030/59 1189/1137/59
f 1061/1031/59 1060/1030/59 1175/1123/59
f 1147/1095/59 1061/1031/59 1175/1123/59
f 1062/1032/59 1061/1031/59 1147/1095/59
f 1191/924/59 1101/734/59 1192/925/59
f 1193/926/59 1101/734/59 1191/924/59
f 1192/925/59 1194/927/59 1191/924/59
f 1108/743/59 1194/927/59 1192/925/59
f 1195/928/59 1101/734/59 1193/926/59
f 1108/743/59 1196/929/59 1194/927/59
f 1195/928/59 1127/900/59 1101/734/59
f 1197/930/59 1196/929/59 1108/743/59
f 1198/931/59 1127/900/59 1195/928/59
f 1197/930/59 1199/932/59 1196/929/59
f 1200/933/59 1127/900/59 1198/931/59
f 1197/930/59 1200/933/59 1199/932/59
f 1200/933/59 1197/930/59 1127/900/59
f 1196/929/59 1191/924/59 1194/927/59
f 1199/932/59 1191/924/59 1196/929/59
f 1200/933/59 1191/924/59 1199/932/59
f 1198/931/59 1191/924/59 1200/933/59
f 1195/928/59 1191/924/59 1198/931/59
f 1193/926/59 1191/924/59 1195/928/59
f 1201/934/59 1202/936/59 1203/935/59
f 1204/937/59 1202/936/59 1201/934/59
f 1203/935/59 1205/938/59 1201/934/59
f 1128/902/59 1205/938/59 1203/935/59
f 1206/939/59 1202/936/59 1204/937/59
f 1128/902/59 1207/940/59 1205/938/59
f 1206/939/59 1109/751/59 1202/936/59
f 1208/941/59 1207/940/59 1128/902/59
f 1209/942/59 1109/751/59 1206/939/59
f 1208/941/59 1210/943/59 1207/940/59
f 1211/944/59 1109/751/59 1209/942/59
f 1208/941/59 1211/944/59 1210/943/59
f 1211/944/59 1208/941/59 1109/751/59
f 1207/940/59 1201/934/59 1205/938/59
f 1210/943/59 1201/934/59 1207/940/59
f 1211/944/59 1201/934/59 1210/943/59
f 1209/942/59 1201/934/59 1211/944/59
f 1206/939/59 1201/934/59 1209/942/59
f 1204/937/59 1201/934/59 1206/939/59
f 1212/945/59 1107/742/59 1213/946/59
f 1214/947/59 1107/742/59 1212/945/59
f 1213/946/59 1215/948/59 1212/945/59
f 1103/735/59 1215/948/59 1213/946/59
f 1216/949/59 1107/742/59 1214/947/59
f 1103/735/59 1217/950/59 1215/948/59
f 1216/949/59 1218/951/59 1107/742/59
f 1126/901/59 1217/950/59 1103/735/59
f 1219/952/59 1218/951/59 1216/949/59
f 1126/901/59 1220/953/59 1217/950/59
f 1221/954/59 1218/951/59 1219/952/59
f 1126/901/59 1221/954/59 1220/953/59
f 1221/954/59 1126/901/59 1218/951/59
f 1217/950/59 1212/945/59 1215/948/59
f 1220/953/59 1212/945/59 1217/950/59
f 1221/954/59 1212/945/59 1220/953/59
f 1219/952/59 1212/945/59 1221/954/59
f 1216/949/59 1212/945/59 1219/952/59
f 1214/947/59 1212/945/59 1216/949/59
f 1135/913/59 1122/884/59 1197/930/59
f 1123/883/59 1122/884/59 1135/913/59
f 1125/899/59 1124/885/59 1121/882/59
f 1127/900/59 1124/885/59 1125/899/59
f 1222/955/59 1129/903/59 1130/904/59
f 1223/956/59 1129/903/59 1222/955/59
f 1208/941/59 1222/955/59 1138/916/59
f 1223/956/59 1222/955/59 1208/941/59
f 1224/957/59 1100/732/59 1102/733/59
f 1225/958/59 1100/732/59 1224/957/59
f 1126/901/59 1224/957/59 1127/900/59
f 1225/958/59 1224/957/59 1126/901/59
f 1128/902/59 1118/880/59 1126/901/59
f 1119/879/59 1118/880/59 1128/902/59
f 1202/936/59 1120/881/59 1117/878/59
f 1218/951/59 1120/881/59 1202/936/59
usemtl CEIL1_1
f 41/645/59 37/647/59 36/646/59
f 47/648/59 41/645/59 40/649/59
f 45/650/59 41/645/59 47/648/59
f 37/647/59 44/652/59 50/651/59
f 44/652/59 41/645/59 45/650/59
f 41/645/59 44/652/59 37/647/59
f 53/653/59 56/655/59 57/654/59
f 52/656/59 56/655/59 53/653/59
f 60/657/59 64/659/59 61/658/59
f 65/660/59 64/659/59 60/657/59
f 73/661/59 69/663/59 68/662/59
f 72/664/59 69/663/59 73/661/59
f 134/863/59 138/1139/59 137/862/59
f 133/1140/59 138/1139/59 134/863/59
f 150/689/59 146/691/59 145/690/59
f 153/692/59 146/691/59 150/689/59
f 209/707/59 213/709/59 210/708/59
f 214/710/59 213/709/59 209/707/59
f 357/767/59 354/769/59 353/768/59
f 359/770/59 354/769/59 357/767/59
f 349/765/59 366/771/59 346/764/59
f 369/772/59 349/765/59 350/760/59
f 387/773/59 349/765/59 369/772/59
f 1226/774/59 387/773/59 358/770/59
f 1227/775/59 387/773/59 1226/774/59
f 397/776/59 1227/775/59 143/686/59
f 363/777/59 397/776/59 364/778/59
f 403/779/59 397/776/59 363/777/59
f 349/765/59 403/779/59 366/771/59
f 387/773/59 403/779/59 349/765/59
f 1227/775/59 403/779/59 387/773/59
f 397/776/59 403/779/59 1227/775/59
f 360/767/59 1226/774/59 358/770/59
f 1228/780/59 1226/774/59 360/767/59
f 371/781/59 360/767/59 372/782/59
f 336/758/59 360/767/59 371/781/59
f 336/758/59 1226/774/59 1228/780/59
f 140/685/59 1226/774/59 336/758/59
f 140/685/59 1227/775/59 1226/774/59
f 143/686/59 1227/775/59 140/685/59
f 170/800/59 408/802/59 168/801/59
f 405/803/59 408/802/59 170/800/59
f 162/804/59 412/806/59 160/805/59
f 411/807/59 412/806/59 162/804/59
f 415/808/59 198/810/59 418/809/59
f 196/811/59 198/810/59 415/808/59
f 37/647/59 421/813/59 424/812/59
f 428/814/59 37/647/59 50/651/59
f 40/649/59 431/815/59 47/648/59
f 421/813/59 431/815/59 40/649/59
f 428/814/59 421/813/59 37/647/59
f 421/813/59 428/814/59 431/815/59
f 341/766/59 438/817/59 1229/816/59
f 400/791/59 438/817/59 341/766/59
f 381/784/59 377/786/59 379/783/59
f 1229/816/59 342/761/59 338/762/59
f 441/818/59 1229/816/59 442/819/59
f 400/791/59 455/661/59 438/817/59
f 390/789/59 455/661/59 400/791/59
f 441/818/59 342/761/59 1229/816/59
f 390/789/59 468/820/59 455/661/59
f 391/790/59 468/820/59 390/789/59
f 449/802/59 342/761/59 441/818/59
f 391/790/59 465/821/59 468/820/59
f 394/788/59 465/821/59 391/790/59
f 449/802/59 381/784/59 342/761/59
f 446/692/59 381/784/59 449/802/59
f 394/788/59 466/822/59 465/821/59
f 384/787/59 466/822/59 394/788/59
f 445/823/59 381/784/59 446/692/59
f 384/787/59 433/824/59 466/822/59
f 374/785/59 433/824/59 384/787/59
f 445/823/59 377/786/59 381/784/59
f 374/785/59 434/825/59 433/824/59
f 377/786/59 434/825/59 374/785/59
f 434/825/59 377/786/59 445/823/59
f 470/826/59 474/645/59 475/646/59
f 437/827/59 474/645/59 470/826/59
f 477/828/59 484/830/59 478/829/59
f 485/831/59 484/830/59 477/828/59
f 487/832/59 1230/834/59 488/833/59
f 1231/835/59 1230/834/59 487/832/59
f 494/836/59 1232/838/59 496/837/59
f 488/833/59 1232/838/59 494/836/59
f 1233/839/59 488/833/59 1230/834/59
f 488/833/59 1233/839/59 1232/838/59
f 499/840/59 1231/835/59 487/832/59
f 502/813/59 499/840/59 503/812/59
f 501/841/59 499/840/59 502/813/59
f 1234/842/59 499/840/59 501/841/59
f 499/840/59 1234/842/59 1231/835/59
f 1235/843/59 1236/845/59 1237/844/59
f 1238/846/59 1236/845/59 1235/843/59
f 1239/847/59 1236/845/59 1238/846/59
f 1240/848/59 1236/845/59 1239/847/59
f 1241/363/59 1236/845/59 1240/848/59
f 1234/842/59 1241/363/59 1242/849/59
f 501/841/59 1241/363/59 1234/842/59
f 513/850/59 1241/363/59 501/841/59
f 1236/845/59 1241/363/59 513/850/59
f 583/851/59 582/853/59 586/852/59
f 522/854/59 583/851/59 523/855/59
f 562/856/59 583/851/59 522/854/59
f 559/857/59 583/851/59 562/856/59
f 565/858/59 583/851/59 559/857/59
f 574/859/59 583/851/59 565/858/59
f 1243/860/59 583/851/59 574/859/59
f 1242/849/61 1244/861/61 1233/839/61
f 1241/363/59 1244/861/59 1242/849/59
f 1240/848/59 1244/861/59 1241/363/59
f 520/862/59 1236/845/59 566/863/59
f 518/864/59 1236/845/59 520/862/59
f 515/865/59 518/864/59 516/866/59
f 583/851/59 515/865/59 582/853/59
f 1243/860/59 515/865/59 583/851/59
f 1245/867/59 515/865/59 1243/860/59
f 1240/848/59 1246/868/59 1244/861/59
f 1239/847/59 1246/868/59 1240/848/59
f 518/864/59 1237/844/59 1236/845/59
f 515/865/59 1237/844/59 518/864/59
f 1245/867/59 1237/844/59 515/865/59
f 1246/868/59 1237/844/59 1245/867/59
f 1238/846/59 1246/868/59 1239/847/59
f 1246/868/59 1235/843/59 1237/844/59
f 1235/843/59 1246/868/59 1238/846/59
f 477/828/59 591/869/59 485/831/59
f 592/870/59 591/869/59 477/828/59
f 592/870/59 593/709/59 591/869/59
f 594/708/59 593/709/59 592/870/59
f 496/837/59 1247/872/59 598/871/59
f 1232/838/59 1247/872/59 496/837/59
f 598/871/59 1248/874/59 601/873/59
f 1247/872/59 1248/874/59 598/871/59
f 1248/874/59 604/875/59 601/873/59
f 1249/876/59 604/875/59 1248/874/59
f 607/877/59 1243/860/59 574/859/59
f 604/875/59 1243/860/59 607/877/59
f 1249/876/59 1243/860/59 604/875/59
f 1244/861/59 1243/860/59 1249/876/59
f 1246/868/59 1243/860/59 1244/861/59
f 1245/867/59 1243/860/59 1246/868/59
f 647/890/59 246/891/59 125/680/59
f 615/892/59 246/891/59 647/890/59
f 651/893/59 125/680/59 118/678/59
f 647/890/59 125/680/59 651/893/59
f 618/894/59 84/665/59 114/675/59
f 631/895/59 84/665/59 618/894/59
f 634/896/59 84/665/59 631/895/59
f 659/897/59 84/665/59 634/896/59
f 651/893/59 659/897/59 655/898/59
f 118/678/59 659/897/59 651/893/59
f 92/672/59 659/897/59 118/678/59
f 659/897/59 75/668/59 84/665/59
f 100/674/59 659/897/59 92/672/59
f 659/897/59 100/674/59 75/668/59
f 508/920/59 627/922/59 506/921/59
f 629/923/59 627/922/59 508/920/59
usemtl TEXTURAT
f 135/863/56 136/862/56 139/1139/56
f 132/1140/56 135/863/56 139/1139/56
f 1250/732/56 1251/733/56 791/734/56
f 790/735/56 1250/732/56 791/734/56
f 1252/878/56 1253/879/56 1254/880/56
f 1255/881/56 1252/878/56 1254/880/56
f 1256/882/56 1257/883/56 1258/884/56
f 1259/885/56 1256/882/56 1258/884/56
f 611/886/59 614/888/59 668/887/59
f 610/889/59 614/888/59 611/886/59
f 1260/899/57 1261/900/57 1262/901/57
f 1263/902/57 1260/899/57 1262/901/57
f 1264/903/56 1265/904/56 1260/899/56
f 1263/902/56 1264/903/56 1260/899/56
f 621/905/59 624/907/59 626/906/59
f 620/908/59 624/907/59 621/905/59
f 1266/909/56 1267/910/56 1260/899/56
f 1268/911/56 1266/909/56 1260/899/56
f 1267/910/56 1266/909/56 1269/912/56
f 796/913/56 1267/910/56 1269/912/56
f 1270/914/56 1268/911/56 1260/899/56
f 796/913/56 1269/912/56 1271/915/56
f 1270/914/56 1260/899/56 783/916/56
f 782/753/56 796/913/56 1271/915/56
f 1272/917/56 1270/914/56 783/916/56
f 782/753/56 1271/915/56 1273/918/56
f 1274/919/56 1272/917/56 783/916/56
f 782/753/56 1273/918/56 1274/919/56
f 1274/919/56 783/916/56 782/753/56
f 1271/915/56 1269/912/56 1266/909/56
f 1273/918/56 1271/915/56 1266/909/56
f 1274/919/56 1273/918/56 1266/909/56
f 1272/917/56 1274/919/56 1266/909/56
f 1270/914/56 1272/917/56 1266/909/56
f 1268/911/56 1270/914/56 1266/909/56
f 1275/924/56 1276/925/56 791/734/56
f 1277/926/56 1275/924/56 791/734/56
f 1276/925/56 1275/924/56 1278/927/56
f 802/743/56 1276/925/56 1278/927/56
f 1279/928/56 1277/926/56 791/734/56
f 802/743/56 1278/927/56 1280/929/56
f 1279/928/56 791/734/56 1261/900/56
f 800/930/56 802/743/56 1280/929/56
f 1281/931/56 1279/928/56 1261/900/56
f 800/930/56 1280/929/56 1282/932/56
f 1283/933/56 1281/931/56 1261/900/56
f 800/930/56 1282/932/56 1283/933/56
f 1283/933/56 1261/900/56 800/930/56
f 1280/929/56 1278/927/56 1275/924/56
f 1282/932/56 1280/929/56 1275/924/56
f 1283/933/56 1282/932/56 1275/924/56
f 1281/931/56 1283/933/56 1275/924/56
f 1279/928/56 1281/931/56 1275/924/56
f 1277/926/56 1279/928/56 1275/924/56
f 1284/934/56 1285/935/56 814/936/56
f 1286/937/56 1284/934/56 814/936/56
f 1285/935/56 1284/934/56 1287/938/56
f 1263/902/56 1285/935/56 1287/938/56
f 1288/939/56 1286/937/56 814/936/56
f 1263/902/56 1287/938/56 1289/940/56
f 1288/939/56 814/936/56 808/751/56
f 794/941/56 1263/902/56 1289/940/56
f 1290/942/56 1288/939/56 808/751/56
f 794/941/56 1289/940/56 1291/943/56
f 1292/944/56 1290/942/56 808/751/56
f 794/941/56 1291/943/56 1292/944/56
f 1292/944/56 808/751/56 794/941/56
f 1289/940/56 1287/938/56 1284/934/56
f 1291/943/56 1289/940/56 1284/934/56
f 1292/944/56 1291/943/56 1284/934/56
f 1290/942/56 1292/944/56 1284/934/56
f 1288/939/56 1290/942/56 1284/934/56
f 1286/937/56 1288/939/56 1284/934/56
f 1293/945/56 1294/946/56 812/742/56
f 1295/947/56 1293/945/56 812/742/56
f 1294/946/56 1293/945/56 1296/948/56
f 790/735/56 1294/946/56 1296/948/56
f 1297/949/56 1295/947/56 812/742/56
f 790/735/56 1296/948/56 1298/950/56
f 1297/949/56 812/742/56 816/951/56
f 1262/901/56 790/735/56 1298/950/56
f 1299/952/56 1297/949/56 816/951/56
f 1262/901/56 1298/950/56 1300/953/56
f 1301/954/56 1299/952/56 816/951/56
f 1262/901/56 1300/953/56 1301/954/56
f 1301/954/56 816/951/56 1262/901/56
f 1298/950/56 1296/948/56 1293/945/56
f 1300/953/56 1298/950/56 1293/945/56
f 1301/954/56 1300/953/56 1293/945/56
f 1299/952/56 1301/954/56 1293/945/56
f 1297/949/56 1299/952/56 1293/945/56
f 1295/947/56 1297/949/56 1293/945/56
f 796/913/56 800/930/56 1258/884/56
f 1257/883/56 796/913/56 1258/884/56
f 1260/899/56 1256/882/56 1259/885/56
f 1261/900/56 1260/899/56 1259/885/56
f 1302/955/56 1265/904/56 1264/903/56
f 1303/956/56 1302/955/56 1264/903/56
f 794/941/56 783/916/56 1302/955/56
f 1303/956/56 794/941/56 1302/955/56
f 1304/957/56 1251/733/56 1250/732/56
f 1305/958/56 1304/957/56 1250/732/56
f 1262/901/56 1261/900/56 1304/957/56
f 1305/958/56 1262/901/56 1304/957/56
f 1263/902/56 1262/901/56 1254/880/56
f 1253/879/56 1263/902/56 1254/880/56
f 814/936/56 1252/878/56 1255/881/56
f 816/951/56 814/936/56 1255/881/56
f 668/887/59 664/960/59 666/959/59
f 614/888/59 664/960/59 668/887/59
f 671/961/59 674/963/59 676/962/59
f 670/964/59 674/963/59 671/961/59
f 674/963/59 677/965/59 676/962/59
f 679/966/59 677/965/59 674/963/59
f 683/967/59 686/969/59 688/968/59
f 682/970/59 686/969/59 683/967/59
f 686/969/59 689/971/59 688/968/59
f 691/972/59 689/971/59 686/969/59
f 695/973/59 698/975/59 700/974/59
f 694/976/59 698/975/59 695/973/59
f 698/975/59 701/977/59 700/974/59
f 703/978/59 701/977/59 698/975/59
usemtl BASE
f 193/674/56 185/1141/56 188/1142/56
f 191/1143/56 193/674/56 188/1142/56
f 110/1144/56 71/1145/56 191/1143/56
f 761/1004/56 110/1144/56 191/1143/56
f 762/1081/56 761/1004/56 191/1143/56
f 769/1080/56 762/1081/56 191/1143/56
f 768/1079/56 769/1080/56 191/1143/56
f 765/1078/56 768/1079/56 191/1143/56
f 195/1146/56 765/1078/56 191/1143/56
f 195/1146/62 297/1002/62 766/1000/62
f 765/1078/62 195/1146/62 766/1000/62
usemtl TEXTURAC
f 220/1147/56 221/1148/56 711/1149/56
f 1306/1150/56 220/1147/56 711/1149/56
f 233/1151/56 301/1152/56 240/1153/56
f 132/1154/56 139/1155/56 291/1156/56
f 237/1157/56 132/1154/56 291/1156/56
f 766/1158/56 297/1159/56 300/1160/56
f 717/1161/56 719/1162/56 760/1163/56
f 713/1164/56 715/1165/56 717/1161/56
f 1306/1150/56 711/1149/56 713/1164/56
f 251/1166/56 220/1147/56 1306/1150/56
f 245/1167/56 251/1166/56 1306/1150/56
f 244/1168/56 245/1167/56 1306/1150/56
f 253/1169/56 244/1168/56 1306/1150/56
f 248/1170/56 250/1171/56 253/1169/56
f 1307/1172/56 248/1170/56 253/1169/56
f 277/1173/56 1307/1172/56 253/1169/56
f 1307/1172/56 279/1174/56 272/1175/56
f 269/1176/56 1307/1172/56 272/1175/56
f 282/1177/56 270/1178/56 266/1179/56
f 243/1180/56 285/1181/56 282/1177/56
f 1308/1182/56 243/1180/56 282/1177/56
f 1309/1183/56 1308/1182/56 282/1177/56
f 1310/1184/56 1311/1185/56 1312/1186/56
f 1313/1187/57 1310/1184/57 1312/1186/57
f 1314/1188/56 1313/1187/56 1312/1186/56
f 1315/1189/57 1314/1188/57 1312/1186/57
f 1316/1190/56 1315/1189/56 1312/1186/56
f 263/1191/56 1317/1192/56 1318/1193/56
f 261/1194/56 263/1191/56 1318/1193/56
f 1319/1195/56 1317/1192/56 256/1196/56
f 1320/1197/56 1321/1198/56 1322/1199/56
f 1323/1200/56 1320/1197/56 1322/1199/56
f 1324/1201/56 1323/1200/56 1322/1199/56
f 1325/1202/56 1324/1201/56 1322/1199/56
f 1326/1203/56 1325/1202/56 1322/1199/56
f 1327/1204/57 1326/1203/57 1322/1199/57
f 1328/1205/56 1327/1204/56 1322/1199/56
f 1329/1206/56 1328/1205/56 1322/1199/56
f 240/1153/56 1308/1182/56 1330/1207/56
f 233/1151/56 240/1153/56 1330/1207/56
f 294/1208/56 233/1151/56 1330/1207/56
f 237/1157/56 291/1156/56 294/1208/56
f 295/1209/56 237/1157/56 294/1208/56
f 766/1158/56 300/1160/56 286/1210/56
f 713/1164/56 717/1161/56 760/1163/56
f 253/1169/56 1306/1150/56 713/1164/56
f 1331/1211/56 1309/1183/56 282/1177/56
f 1316/1190/56 1312/1186/56 1332/1212/56
f 1333/1213/56 1316/1190/56 1332/1212/56
f 261/1194/57 1318/1193/57 1334/1214/57
f 1335/1215/56 1319/1195/56 256/1196/56
f 1329/1206/57 1322/1199/57 1336/1216/57
f 1337/1217/56 1329/1206/56 1336/1216/56
f 294/1208/56 1330/1207/56 1338/1218/56
f 289/1219/56 295/1209/56 294/1208/56
f 766/1158/56 286/1210/56 289/1219/56
f 1331/1211/56 282/1177/56 266/1179/56
f 1339/1220/56 1331/1211/56 266/1179/56
f 1333/1213/56 1332/1212/56 1339/1220/56
f 1340/1221/56 1333/1213/56 1339/1220/56
f 261/1194/56 1334/1214/56 1341/1222/56
f 1342/1223/56 1335/1215/56 256/1196/56
f 1343/1224/56 1337/1217/56 1336/1216/56
f 766/1158/56 289/1219/56 294/1208/56
f 1340/1221/56 1339/1220/56 269/1176/56
f 1344/1225/56 1340/1221/56 269/1176/56
f 261/1194/56 1341/1222/56 1345/1226/56
f 1346/1227/56 1342/1223/56 256/1196/56
f 1347/1228/56 1343/1224/56 1336/1216/56
f 766/1158/56 294/1208/56 1338/1218/56
f 1348/1229/56 1344/1225/56 269/1176/56
f 261/1194/56 1345/1226/56 1349/1230/56
f 259/1231/56 261/1194/56 1349/1230/56
f 766/1158/56 1338/1218/56 1350/1232/56
f 1349/1230/56 1348/1229/56 269/1176/56
f 766/1158/57 1350/1232/57 1351/1233/57
f 1349/1230/56 269/1176/56 275/1234/56
f 259/1231/56 1349/1230/56 275/1234/56
f 766/1158/56 1351/1233/56 1352/1235/56
f 259/1231/56 275/1234/56 253/1169/56
f 766/1158/56 1352/1235/56 1347/1228/56
f 764/1236/56 766/1158/56 1347/1228/56
f 259/1231/56 253/1169/56 713/1164/56
f 767/1237/56 764/1236/56 1347/1228/56
f 256/1196/56 259/1231/56 713/1164/56
f 770/1238/56 767/1237/56 1347/1228/56
f 1346/1227/56 256/1196/56 713/1164/56
f 763/1239/56 770/1238/56 1347/1228/56
f 1336/1216/56 1346/1227/56 713/1164/56
f 760/1163/56 763/1239/56 1347/1228/56
f 1336/1216/56 713/1164/56 760/1163/56
f 760/1163/57 1347/1228/57 1336/1216/57
f 641/1240/56 640/1241/56 635/1242/56
f 21/1243/56 24/1244/56 641/1240/56
f 20/1245/56 21/1243/56 641/1240/56
f 646/1246/56 17/1247/56 20/1245/56
f 657/1248/56 646/1246/56 20/1245/56
f 641/1240/56 635/1242/56 638/1249/56
f 20/1245/56 641/1240/56 638/1249/56
f 661/1250/56 657/1248/56 20/1245/56
f 20/1245/56 638/1249/56 661/1250/56
f 1142/1251/56 24/1244/56 21/1243/56
f 1143/1252/56 1142/1251/56 21/1243/56
f 17/1247/56 1145/1253/56 1144/1254/56
f 20/1245/56 17/1247/56 1144/1254/56
f 1143/1252/56 21/1243/56 20/1245/56
f 1144/1254/56 1143/1252/56 20/1245/56
f 1353/1255/63 1354/1256/63 1316/1190/63
f 1355/1213/64 1353/1255/64 1316/1190/64
f 1356/1257/65 1353/1255/65 1355/1213/65
f 1340/1221/66 1356/1257/66 1355/1213/66
f 1357/1258/67 1356/1257/67 1358/1221/67
f 1344/1225/68 1357/1258/68 1358/1221/68
f 1359/1259/69 1357/1258/69 1360/1225/69
f 1348/1229/70 1359/1259/70 1360/1225/70
f 1361/1260/71 1359/1259/71 1348/1229/71
f 1362/1230/72 1361/1260/72 1348/1229/72
f 1363/1261/73 1361/1260/73 1349/1230/73
f 1345/1226/74 1363/1261/74 1349/1230/74
f 1341/1222/75 1364/1262/75 1363/1261/75
f 1365/1226/76 1341/1222/76 1363/1261/76
f 1334/1214/77 1366/1263/77 1364/1262/77
f 1367/1222/78 1334/1214/78 1364/1262/78
f 1368/1193/79 1369/1264/79 1366/1263/79
f 1334/1214/80 1368/1193/80 1366/1263/80
f 1317/1192/81 1370/1265/81 1369/1264/81
f 1371/1193/82 1317/1192/82 1369/1264/82
f 1372/1195/83 1373/1266/83 1370/1265/83
f 1317/1192/84 1372/1195/84 1370/1265/84
f 1335/1215/85 1374/1267/85 1373/1266/85
f 1375/1195/86 1335/1215/86 1373/1266/86
f 1335/1215/87 1376/1223/87 1377/1268/87
f 1374/1267/88 1335/1215/88 1377/1268/88
f 1378/1223/89 1346/1227/89 1379/1269/89
f 1377/1268/90 1378/1223/90 1379/1269/90
f 1346/1227/91 1380/1216/91 1381/1270/91
f 1379/1269/92 1346/1227/92 1381/1270/92
f 1381/1270/93 1382/1216/93 1322/1199/93
f 1383/1271/94 1381/1270/94 1322/1199/94
f 1383/1271/95 1384/1199/95 1321/1198/95
f 1385/1272/96 1383/1271/96 1321/1198/96
f 1385/1272/97 1386/1198/97 1320/1197/97
f 1387/1273/98 1385/1272/98 1320/1197/98
f 1320/1197/99 1388/1200/99 1389/1274/99
f 1387/1273/100 1320/1197/100 1389/1274/100
f 1323/1200/101 1390/1201/101 1391/1275/101
f 1389/1274/102 1323/1200/102 1391/1275/102
f 1324/1201/103 1392/1202/103 1393/1276/103
f 1391/1275/104 1324/1201/104 1393/1276/104
f 1394/1202/105 1326/1203/105 1395/1277/105
f 1393/1276/106 1394/1202/106 1395/1277/106
f 1326/1203/107 1396/1204/107 1397/1278/107
f 1395/1277/108 1326/1203/108 1397/1278/108
f 1398/1204/109 1328/1205/109 1399/1279/109
f 1397/1278/110 1398/1204/110 1399/1279/110
f 1400/1205/111 1329/1206/111 1401/1280/111
f 1399/1279/112 1400/1205/112 1401/1280/112
f 1329/1206/113 1402/1217/113 1403/1281/113
f 1401/1280/114 1329/1206/114 1403/1281/114
f 1337/1217/115 1404/1224/115 1405/1282/115
f 1403/1281/116 1337/1217/116 1405/1282/116
f 1406/1224/117 1347/1228/117 1407/1283/117
f 1405/1282/118 1406/1224/118 1407/1283/118
f 1407/1283/119 1408/1228/119 1352/1235/119
f 1409/1284/120 1407/1283/120 1352/1235/120
f 1409/1284/121 1352/1235/121 1410/1233/121
f 1411/1285/122 1409/1284/122 1410/1233/122
f 1411/1285/123 1351/1233/123 1350/1232/123
f 1412/1286/124 1411/1285/124 1350/1232/124
f 1412/1286/125 1413/1232/125 1338/1218/125
f 1414/1287/126 1412/1286/126 1338/1218/126
f 1414/1287/127 1338/1218/127 1415/1207/127
f 1416/1288/128 1414/1287/128 1415/1207/128
f 1416/1288/129 1417/1207/129 1308/1182/129
f 1418/1289/130 1416/1288/130 1308/1182/130
f 1419/1290/131 1418/1289/131 1420/1182/131
f 1309/1183/132 1419/1290/132 1420/1182/132
f 1421/1291/133 1419/1290/133 1422/1183/133
f 1331/1211/134 1421/1291/134 1422/1183/134
f 1423/1292/135 1421/1291/135 1331/1211/135
f 1424/1220/136 1423/1292/136 1331/1211/136
f 1425/1293/137 1423/1292/137 1426/1220/137
f 1332/1212/138 1425/1293/138 1426/1220/138
f 1427/1294/139 1425/1293/139 1332/1212/139
f 1312/1186/140 1427/1294/140 1332/1212/140
f 1311/1185/141 1428/1295/141 1427/1294/141
f 1429/1186/142 1311/1185/142 1427/1294/142
f 1430/1184/143 1431/1296/143 1428/1295/143
f 1311/1185/144 1430/1184/144 1428/1295/144
f 1432/1297/145 1431/1296/145 1310/1184/145
f 1433/1187/146 1432/1297/146 1310/1184/146
f 1434/1298/147 1432/1297/147 1435/1187/147
f 1314/1188/148 1434/1298/148 1435/1187/148
f 1436/1299/149 1434/1298/149 1314/1188/149
f 1315/1189/150 1436/1299/150 1314/1188/150
f 1354/1256/151 1436/1299/151 1315/1189/151
f 1437/1190/152 1354/1256/152 1315/1189/152
usemtl TEXTURAA
f 1414/1287/57 1416/1288/57 1418/1289/57
f 1412/1286/56 1414/1287/56 1418/1289/56
f 1411/1285/56 1412/1286/56 1418/1289/56
f 1409/1284/56 1411/1285/56 1418/1289/56
f 1407/1283/56 1409/1284/56 1418/1289/56
f 1405/1282/56 1407/1283/56 1418/1289/56
f 1403/1281/56 1405/1282/56 1418/1289/56
f 1401/1280/57 1403/1281/57 1418/1289/57
f 1399/1279/56 1401/1280/56 1418/1289/56
f 1381/1270/56 1383/1271/56 1385/1272/56
f 1379/1269/56 1381/1270/56 1385/1272/56
f 1377/1268/56 1379/1269/56 1385/1272/56
f 1374/1267/56 1377/1268/56 1385/1272/56
f 1373/1266/56 1374/1267/56 1385/1272/56
f 1370/1265/56 1373/1266/56 1385/1272/56
f 1369/1264/57 1370/1265/57 1385/1272/57
f 1366/1263/56 1369/1264/56 1385/1272/56
f 1364/1262/56 1366/1263/56 1385/1272/56
f 1363/1261/56 1364/1262/56 1385/1272/56
f 1361/1260/56 1363/1261/56 1385/1272/56
f 1359/1259/56 1361/1260/56 1385/1272/56
f 1357/1258/56 1359/1259/56 1385/1272/56
f 1356/1257/56 1357/1258/56 1385/1272/56
f 1353/1255/56 1356/1257/56 1385/1272/56
f 1436/1299/56 1354/1256/56 1353/1255/56
f 1425/1293/56 1427/1294/56 1428/1295/56
f 1423/1292/56 1425/1293/56 1428/1295/56
f 1421/1291/56 1423/1292/56 1428/1295/56
f 1419/1290/56 1421/1291/56 1428/1295/56
f 1418/1289/56 1419/1290/56 1428/1295/56
f 1399/1279/56 1418/1289/56 1428/1295/56
f 1397/1278/56 1399/1279/56 1428/1295/56
f 1353/1255/56 1385/1272/56 1387/1273/56
f 1397/1278/56 1428/1295/56 1431/1296/56
f 1353/1255/56 1387/1273/56 1389/1274/56
f 1436/1299/56 1353/1255/56 1389/1274/56
f 1397/1278/56 1431/1296/56 1432/1297/56
f 1395/1277/56 1397/1278/56 1432/1297/56
f 1436/1299/56 1389/1274/56 1391/1275/56
f 1434/1298/56 1436/1299/56 1391/1275/56
f 1395/1277/56 1432/1297/56 1434/1298/56
f 1393/1276/56 1395/1277/56 1434/1298/56
f 1434/1298/56 1391/1275/56 1393/1276/56
